ISIN,SECURITY NAME,BSE CODE,BSE SERIES,NSE SYMBOL,NSE SERIES,GROUP I BSE,GROUP I NSE,VAR MARGIN %
INE012A01025,ACC Ltd,500410,A,ACC,EQ,Y,Y,25
INE742F01042,Adani Ports & Special Economic Zone LTD.,532921,A,ADANIPORTS,EQ,Y,Y,25
INE079A01024,Ambuja Cements Ltd,500425,A,AMBUJACEM,EQ,Y,Y,25
INE208A01029,Ashok Leyland Ltd,500477,A,ASHOKLEY,EQ,Y,Y,25
INE021A01026,Asian Paints Ltd,500820,A,ASIANPAINT,EQ,Y,Y,25
INE406A01037,Aurobindo Pharma Ltd,524804,A,AUROPHARMA,EQ,Y,Y,25
INE238A01034,AXIS Bank Ltd,532215,A,AXISBANK,EQ,Y,Y,25
INE917I01010,Bajaj Auto Ltd,532977,A,BAJAJ-AUTO,EQ,Y,Y,25
INE296A01024,Bajaj Finance Ltd,500034,A,BAJFINANCE,EQ,Y,Y,25
INE918I01018,Bajaj Finserv Ltd,532978,A,BAJAJFINSV,EQ,Y,Y,25
INE028A01039,Bank of Baroda,532134,A,BANKBARODA,EQ,Y,Y,25
INE263A01024,Bharat Electronics Ltd,500049,A,BEL,EQ,Y,Y,25
INE257A01026,Bharat Heavy Electricals Ltd,500103,A,BHEL,EQ,Y,Y,25
INE029A01011,Bharat Petroleum Corporation Ltd,500547,A,BPCL,EQ,Y,Y,25
INE397D01024,Bharti AirTel Limited,532454,A,BHARTIARTL,EQ,Y,Y,25
INE121J01017,Bharti Infratel Limited,534816,A,INFRATEL,EQ,Y,Y,25
INE323A01026,Bosch Ltd,500530,A,BOSCHLTD,EQ,Y,Y,25
INE216A01022,Britannia Industries  Limited,500825,A,BRITANNIA,EQ,Y,Y,25
INE010B01027,Cadila Healthcare Ltd,532321,A,CADILAHC,EQ,Y,Y,25
INE059A01026,Cipla Ltd,500087,A,CIPLA,EQ,Y,Y,25
INE522F01014,Coal India Limited,533278,A,COALINDIA,EQ,Y,Y,25
INE259A01022,Colgate Palmolive India Ltd,500830,A,COLPAL,EQ,Y,Y,25
INE111A01025,Container Corporation of India Ltd,531344,A,CONCOR,EQ,Y,Y,25
INE298A01020,CUMMINS INDIA LTD.,500480,A,CUMMINSIND,EQ,Y,Y,25
INE016A01026,Dabur India Ltd,500096,A,DABUR,EQ,Y,Y,25
INE271C01023,DLF Ltd,532868,A,DLF,EQ,Y,Y,25
INE089A01023,Dr Reddys Laboratories Ltd,500124,A,DRREDDY,EQ,Y,Y,25
INE066A01013,Eicher Motors Ltd,505200,A,EICHERMOT,EQ,Y,Y,25
INE129A01019,Gail India Ltd,532155,A,GAIL,EQ,Y,Y,25
INE102D01028,Godrej Consumer Products Ltd,532424,A,GODREJCP,EQ,Y,Y,25
INE047A01021,Grasim Industries Ltd,500300,A,GRASIM,EQ,Y,Y,25
INE176B01034,Havells India Ltd,517354,A,HAVELLS,EQ,Y,Y,25
INE860A01027,HCL Technologies Ltd,532281,A,HCLTECH,EQ,Y,Y,25
INE040A01026,Hdfc Bank Ltd.,500180,A,HDFCBANK,EQ,Y,Y,25
INE001A01036,Hdfc Ltd,500010,A,HDFC,EQ,Y,Y,25
INE158A01026,Hero MotoCorp Limited,500182,A,HEROMOTOCO,EQ,Y,Y,25
INE038A01020,Hindalco Industries Ltd,500440,A,HINDALCO,EQ,Y,Y,25
INE030A01027,Hindustan Unilever Ltd,500696,A,HINDUNILVR,EQ,Y,Y,25
INE267A01025,Hindustan Zinc Ltd,500188,A,HINDZINC,EQ,Y,Y,25
INE090A01021,ICICI Bank Ltd,532174,A,ICICIBANK,EQ,Y,Y,25
INE726G01019,ICICI Prudential Life Insurance Co. Ltd,540133,B,ICICIPRULI,EQ,Y,Y,25
INE148I01020,Indiabulls Housing Finance Limited,535789,A,IBULHSGFIN,EQ,Y,Y,25
INE242A01010,Indian Oil Corporation Ltd,530965,A,IOC,EQ,Y,Y,25
INE095A01012,Indusind Bank Ltd,532187,A,INDUSINDBK,EQ,Y,Y,25
INE009A01021,Infosys Ltd.,500209,A,INFY,EQ,Y,Y,25
INE646L01027,InterGlobe Aviation Limited,539448,A,INDIGO,EQ,Y,Y,25
INE154A01025,ITC Ltd,500875,A,ITC,EQ,Y,Y,25
INE019A01038,JSW Steel Limited,500228,A,JSWSTEEL,EQ,Y,Y,25
INE237A01028,Kotak Mahindra Bank Ltd,500247,A,KOTAKBANK,EQ,Y,Y,25
INE498L01015,L&T Finance Holdings Limited,533519,A,L&TFH,EQ,Y,Y,25
INE018A01030,Larsen & Toubro Ltd,500510,A,LT,EQ,Y,Y,25
INE115A01026,LIC Housing Finance Ltd,500253,A,LICHSGFIN,EQ,Y,Y,25
INE326A01037,Lupin Ltd,500257,A,LUPIN,EQ,Y,Y,25
INE101A01026,Mahindra & Mahindra Ltd,500520,A,M&M,EQ,Y,Y,25
INE196A01026,Marico Ltd,531642,A,MARICO,EQ,Y,Y,25
INE585B01010,Maruti Suzuki India Ltd,532500,A,MARUTI,EQ,Y,Y,25
INE775A01035,Motherson Sumi Systems Limited,517334,A,MOTHERSUMI,EQ,Y,Y,25
INE883A01011,MRF LTD.,500290,A,MRF,EQ,Y,Y,25
INE733E01010,National Thermal Power Corporation Ltd,532555,A,NTPC,EQ,Y,Y,25
INE848E01016,NHPC Limited,533098,A,NHPC,EQ,Y,Y,25
INE584A01023,NMDC Limited,526371,A,NMDC,EQ,Y,Y,25
INE213A01029,Oil & Natural Gas Corporation Ltd,500312,A,ONGC,EQ,Y,Y,25
INE274J01014,Oil India Limited,533106,A,OIL,EQ,Y,Y,25
INE347G01014,Petronet LNG Ltd,532522,A,PETRONET,EQ,Y,Y,25
INE318A01026,Pidilite Industries Ltd,500331,A,PIDILITIND,EQ,Y,Y,25
INE140A01024,Piramal Enterprises Limited,500302,A,PEL,EQ,Y,Y,25
INE134E01011,Power Finance Corporation Ltd,532810,A,PFC,EQ,Y,Y,25
INE752E01010,Power Grid Corporation of India Ltd,532898,A,POWERGRID,EQ,Y,Y,25
INE002A01018,Reliance Industries Ltd,500325,A,RELIANCE,EQ,Y,Y,25
INE020B01018,Rural Electrification Corporation Ltd,532955,A,RECLTD,EQ,Y,Y,25
INE070A01015,Shree Cement Ltd,500387,A,SHREECEM,EQ,Y,Y,25
INE721A01013,Shriram Transport Finance Company Ltd,511218,A,SRTRANSFIN,EQ,Y,Y,25
INE003A01024,Siemens Ltd,500550,A,SIEMENS,EQ,Y,Y,25
INE062A01020,State Bank of India,500112,A,SBIN,EQ,Y,Y,25
INE114A01011,Steel Authority of India Limited,500113,A,SAIL,EQ,Y,Y,25
INE044A01036,Sun Pharmaceutical Industries Ltd,524715,A,SUNPHARMA,EQ,Y,Y,25
INE424H01027,SUN TV NETWORK LIMITED,532733,A,SUNTV,EQ,Y,Y,25
INE467B01029,Tata Consultancy Services Ltd,532540,A,TCS,EQ,Y,Y,25
INE155A01022,Tata Motors Ltd,500570,A,TATAMOTORS,EQ,Y,Y,25
INE081A01012,TATA Steel Limited,500470,A,TATASTEEL,EQ,Y,Y,25
INE669C01036,Tech Mahindra Limited,532755,A,TECHM,EQ,Y,Y,25
INE280A01028,Titan Company Ltd,500114,A,TITAN,EQ,Y,Y,25
INE481G01011,Ultratech Cement Ltd,532538,A,ULTRACEMCO,EQ,Y,Y,25
INE628A01036,UPL Limited,512070,A,UPL,EQ,Y,Y,25
INE205A01025,Vedanta Limited,500295,A,VEDL,EQ,Y,Y,25
INE075A01022,Wipro Ltd,507685,A,WIPRO,EQ,Y,Y,25
INE528G01027,Yes Bank Ltd,532648,A,YESBANK,EQ,Y,Y,25
INE256A01028,Zee Entertainment Enterprises Ltd,505537,A,ZEEL,EQ,Y,Y,25
INE094A01015,Hindustan Petroleum Corporation Ltd,500104,A,HINDPETRO,EQ,Y,Y,30
INE669E01016,Idea Cellular Limited,532822,A,IDEA,EQ,Y,Y,30
INF373I01031,Kotak Mahindra Mutual Fund-Sensex ETF,532985,B,-,-,Y,N,30
INE881D01027,Oracle Financial Services Software Ltd,532466,A,OFSS,EQ,Y,Y,30
INE160A01022,Punjab National Bank,532461,A,PNB,EQ,Y,Y,30
INF732E01037,Reliance ETF Liquid BeES,590096,E,LIQUIDBEES,EQ,Y,Y,30
INF204K014N5,Reliance ETF Nifty 100,537483,B,RELCNX100,EQ,N,Y,30
IN0020170034,SGB2.50%JUL2025Sr-II 17-18,800269,G,SGBJUL25,GB,N,Y,30
IN0020170018,SGB2.50%MAY2025Sr-I 17-18,800268,G,SGBMAY25,GB,N,Y,30
IN0020160076,SOVEREIGN GOLD BOND 2016 TRANC,800259,G,SGBNOV24,GB,N,Y,30
IN0020160043,SOVEREIGN GOLD BOND 2016 TRANCHE II A,800258,G,SGBSEP24,GB,N,Y,30
IN0020160027,SOVEREIGN GOLD BOND TRANCHE IV,800254,G,SGBAUG24,GB,N,Y,30
IN0020160126,SOVERIEGN GOLD BOND 2016 TRANCHE IV,800265,G,SGBMAR25,GB,N,Y,30
INE117A01022,ABB  India Ltd,500002,A,ABB,EQ,Y,Y,35
INE674K01013,Aditya Birla Capital Limited,540691,B,ABCAPITAL,EQ,Y,Y,35
INE192R01011,Avenue Supermarts Limited,540376,A,DMART,EQ,Y,Y,35
INF846K01347,Axis Mutual Fund – Axis Gold ETF,533570,E,AXISGOLD,EQ,N,Y,35
INE465A01025,Bharat Forge Ltd,500493,A,BHARATFORG,EQ,Y,Y,35
INF457M01133,CPSE ETF*,538057,B,CPSEETF,EQ,Y,Y,35
INE548C01032,Emami Ltd,531162,A,EMAMILTD,EQ,Y,Y,35
INE451A01017,Force Motors Ltd,500033,B,-,-,Y,N,35
INE481Y01014,General Insurance Corporation of India,540755,B,GICRE,EQ,Y,Y,35
INF179K01CN1,HDFC Mutual Fund - HDFC Gold Exchange Tr,533230,E,HDFCMFGETF,EQ,N,Y,35
INF109KB1WF4,ICICI Prudential Gold Exchange Traded Fu,533244,E,ICICIGOLD,EQ,N,Y,35
INF397L01554,IDBI Mutual Fund – IDBI Gold ETF,533719,E,IDBIGOLD,EQ,N,Y,35
INE183W23014,IRB InvIT Fund,540526,IF,IRBINVIT,IV,Y,Y,35
INE019A04024,JSW Ispat Steel Ltd-Preference Shares,717502,F,JSWSTEEL,P2,N,Y,35
INF373I01049,Kotak Mutual Fund - Gold ETF,590097,E,KOTAKGOLD,EQ,Y,Y,35
INE745G01035,Multi Commodity Exchange of India Ltd,534091,A,MCX,EQ,Y,Y,35
INE179A01014,Procter & Gamble Hygiene & Health Care L,500459,A,PGHH,EQ,Y,Y,35
INF082J01010,Quantum Mutual Fund - Gold ETF,590099,E,QGOLDHALF,EQ,Y,Y,35
INF732E01102,Reliance ETF Gold BeES,590095,E,GOLDBEES,EQ,Y,Y,35
INE123W01016,SBI Life Insurance Company Limited,540719,B,SBILIFE,EQ,Y,Y,35
INF200K01099,SBI-ETF Gold,590098,E,SETFGOLD,EQ,Y,Y,35
INF789F01059,UTI Mutual Fund - Gold ETF,590101,E,GOLDSHARE,EQ,Y,Y,35
INE205A04011,Vedanta Limited 7.50%,700134,F,VEDL,P1,N,Y,35
INE256A04022,Zee Entertainment Enterprises Limited-6%,717503,F,ZEEL,P2,N,Y,35
INE470A01017,3M India Limited,523395,B,3MINDIA,EQ,Y,Y,40
INE769A01020,Aarti Industries Ltd,524208,B,AARTIIND,EQ,Y,Y,40
INE421A01028,Aban Offshore Ltd,523204,A,ABAN,EQ,Y,Y,40
INE358A01014,Abbott India Ltd,500488,B,ABBOTINDIA,EQ,Y,Y,40
INE423A01024,Adani Enterprises Ltd,512599,A,ADANIENT,EQ,Y,Y,40
INE814H01011,Adani Power Limited,533096,A,ADANIPOWER,EQ,Y,Y,40
INE647O01011,Aditya Birla Fashion and Retail Limited,535755,A,ABFRL,EQ,Y,Y,40
INE837H01020,Advanced Enzyme Technologies Ltd,540025,A,ADVENZYMES,EQ,Y,Y,40
INE208C01025,Aegis Logistics Ltd,500003,A,AEGISCHEM,EQ,Y,Y,40
INE031B01049,Ajanta Pharma Ltd,532331,A,AJANTPHARM,EQ,Y,Y,40
INE298G01027,Ajmera Realty & Infra India Ltd,513349,B,AJMERA,EQ,Y,Y,40
INE523B01011,Aksh Optifibre Ltd,532351,B,AKSHOPTFBR,EQ,Y,Y,40
INE426A01027,Alembic Ltd,506235,B,ALEMBICLTD,EQ,Y,Y,40
INE901L01018,Alembic Pharmaceuticals Limited,533573,A,APLLTD,EQ,Y,Y,40
INE540L01014,Alkem Laboratories Limited,539523,A,ALKEM,EQ,Y,Y,40
INE428A01015,Allahabad Bank,532480,A,ALBK,EQ,Y,Y,40
INE418H01029,Allcargo Logistics Limited,532749,B,ALLCARGO,EQ,Y,Y,40
INE885A01032,Amara Raja Batteries Ltd,500008,A,AMARAJABAT,EQ,Y,Y,40
INE371P01015,Amber Enterprises India Limited,540902,B,AMBER,EQ,Y,Y,40
INE242C01024,Anant Raj Limited,515055,B,ANANTRAJ,EQ,Y,Y,40
INE434A01013,Andhra Bank,532418,A,ANDHRABANK,EQ,Y,Y,40
INE702C01019,APL Apollo Tubes Limited,533758,B,APLAPOLLO,EQ,Y,Y,40
INE437A01024,Apollo Hospitals Enterprise Ltd,508869,A,APOLLOHOSP,EQ,Y,Y,40
INE266F01018,Aptech Ltd,532475,B,APTECHT,EQ,Y,Y,40
INE034A01011,Arvind Ltd,500101,A,ARVIND,EQ,Y,Y,40
INE428O01016,Ashapura Intimates Fashion Ltd,535467,B,AIFL,EQ,Y,Y,40
INE442H01029,Ashoka Buildcon Limited,533271,B,ASHOKA,EQ,Y,Y,40
INE022I01019,Asian Granito India Ltd,532888,B,ASIANTILES,EQ,Y,Y,40
INE914M01019,Aster DM Healthcare Limited,540975,B,ASTERDM,EQ,Y,Y,40
INE386C01029,Astra Microwave Products Ltd,532493,A,ASTRAMICRO,EQ,Y,Y,40
INE203A01020,AstraZeneca Pharma India Ltd,506820,B,ASTRAZEN,EQ,Y,Y,40
INE100A01010,Atul Ltd,500027,A,ATUL,EQ,Y,Y,40
INE949L01017,AU Small Finance Bank Limited,540611,B,AUBANK,EQ,Y,Y,40
INE449A01011,Automotive Axles Ltd,505010,B,AUTOAXLES,EQ,Y,Y,40
INE933K01021,Bajaj Corp Limited,533229,A,BAJAJCORP,EQ,Y,Y,40
INE193E01025,Bajaj Electricals Ltd,500031,A,BAJAJELEC,EQ,Y,Y,40
INE118A01012,Bajaj Holdings & Investment Ltd,500490,A,BAJAJHLDNG,EQ,Y,Y,40
INE787D01026,Balkrishna Industries Ltd,502355,A,BALKRISIND,EQ,Y,Y,40
INE119A01028,Balrampur Chini Mills Ltd,500038,A,BALRAMCHIN,EQ,Y,Y,40
INE084A01016,Bank of India,532149,A,BANKINDIA,EQ,Y,Y,40
INE373A01013,BASF India Ltd,500042,B,BASF,EQ,Y,Y,40
INE176A01028,Bata India Ltd,500043,A,BATAINDIA,EQ,Y,Y,40
INE462A01022,Bayer CropScience Ltd,506285,A,BAYERCROP,EQ,Y,Y,40
INE258A01016,BEML Limited,500048,A,BEML,EQ,Y,Y,40
INE463A01038,Berger Paints (I) Limited,509480,A,BERGEPAINT,EQ,Y,Y,40
INE243D01012,BF Utilities Ltd,532430,A,BFUTILITIE,EQ,Y,Y,40
INF109KB15Y7,BHARAT 22 ETF,540787,B,ICICIB22,EQ,Y,Y,40
INE376G01013,Biocon Ltd,532523,A,BIOCON,EQ,Y,Y,40
INE340A01012,Birla Corporation Ltd,500335,B,BIRLACORPN,EQ,Y,Y,40
INE416D01022,Bliss GVS Pharma Ltd,506197,B,BLISSGVS,EQ,Y,Y,40
INE153T01027,BLS International Services Limited,540073,B,BLS,EQ,Y,Y,40
INE233B01017,Blue Dart Express Ltd,526612,A,BLUEDART,EQ,Y,Y,40
INE472A01039,Blue Star Ltd,500067,A,BLUESTARCO,EQ,Y,Y,40
INE338D01028,Bodal Chemicals Ltd,524370,B,BODALCHEM,EQ,Y,Y,40
INE050A01025,Bombay Burmah Trading Corporation Ltd,501425,A,BBTC,EQ,Y,Y,40
INE118H01025,BSE Limited,-,-,BSE,EQ,N,Y,40
INE052I01032,Camlin Fine Sciences Limited,532834,B,CAMLINFINE,EQ,Y,Y,40
INE477A01020,Can Fin Homes Ltd,511196,A,CANFINHOME,EQ,Y,Y,40
INE476A01014,Canara Bank,532483,A,CANBK,EQ,Y,Y,40
INE264T01014,Capacit'e Infraprojects Limited,540710,B,CAPACITE,EQ,Y,Y,40
INE688I01017,Capital First Limited,532938,A,CAPF,EQ,Y,Y,40
INE752H01013,CARE Ratings Limited,534804,A,CARERATING,EQ,Y,Y,40
INE172A01027,Castrol India Ltd,500870,A,CASTROLIND,EQ,Y,Y,40
INE482A01020,Ceat Ltd,500878,A,CEATLTD,EQ,Y,Y,40
INE483A01010,Central Bank of India,532885,A,CENTRALBK,EQ,Y,Y,40
INE736A01011,Central Depository Services (India) ltd),-,-,CDSL,EQ,N,Y,40
INE348B01021,Century Plyboards India Ltd,532548,A,CENTURYPLY,EQ,Y,Y,40
INE055A01016,Century Textiles & Industries Ltd,500040,A,CENTURYTEX,EQ,Y,Y,40
INE486A01013,CESC Ltd,500084,A,CESC,EQ,Y,Y,40
INE067A01029,CG Power and Industrial Solutions Limite,500093,A,CGPOWER,EQ,Y,Y,40
INE085A01013,Chambal Fertilisers & Chemicals Ltd,500085,A,CHAMBLFERT,EQ,Y,Y,40
INE178A01016,Chennai Petroleum Corporation Ltd,500110,A,CHENNPETRO,EQ,Y,Y,40
INE121A01016,Cholamandalam Investment and Finance Com,511243,A,CHOLAFIN,EQ,Y,Y,40
INE491A01021,City Union Bank Ltd,532210,A,CUB,EQ,Y,Y,40
INE704P01017,Cochin Shipyard Limited,540678,B,COCHINSHIP,EQ,Y,Y,40
INE335K01011,Coffee Day Enterprises Limited,539436,B,COFFEEDAY,EQ,Y,Y,40
INE169A01031,Coromandel International Limited,506395,A,COROMANDEL,EQ,Y,Y,40
INE008I01026,Cox & Kings Limited,533144,A,COX&KINGS,EQ,Y,Y,40
INE007A01025,CRISIL Limited,500092,A,CRISIL,EQ,Y,Y,40
INE299U01018,Crompton Greaves Consumer Electrical Lim,539876,A,CROMPTON,EQ,Y,Y,40
INE136B01020,Cyient Limited,532175,A,CYIENT,EQ,Y,Y,40
INE950I01011,D.B. Corp Limited,533151,A,DBCORP,EQ,Y,Y,40
INE503A01015,DCB BANK LIMITED,532772,A,DCBBANK,EQ,Y,Y,40
INE501A01019,Deepak Fertilisers & Petrochemicals Corp,500645,A,DEEPAKFERT,EQ,Y,Y,40
INE288B01029,Deepak Nitrite Ltd,506401,B,DEEPAKNTR,EQ,Y,Y,40
INE124G01033,Delta Corp Ltd,532848,A,DELTACORP,EQ,Y,Y,40
INE202B01012,Dewan Housing Finance Corporation Ltd,511072,A,DHFL,EQ,Y,Y,40
INE836F01026,Dish TV India Limited,532839,A,DISHTV,EQ,Y,Y,40
INE385W01011,Dishman Carbogen Amcis Limited,540701,B,DCAL,EQ,Y,Y,40
INE361B01024,Divis Laboratories Ltd,532488,A,DIVISLAB,EQ,Y,Y,40
INE935N01012,Dixon Technologies (India) Limited,540699,B,DIXON,EQ,Y,Y,40
INE600L01024,Dr. Lal PathLabs Limited,539524,A,LALPATHLAB,EQ,Y,Y,40
INE506A01018,DREDGING CORPORATION OF INDIA,523618,B,DREDGECORP,EQ,Y,Y,40
INE738I01010,eClerx Services Ltd,532927,A,ECLERX,EQ,Y,Y,40
INE532F01054,Edelweiss Financial Services Limited,532922,A,EDELWEISS,EQ,Y,Y,40
INE126A01031,EID Parry India Ltd,500125,A,EIDPARRY,EQ,Y,Y,40
INE230A01023,EIH Ltd,500840,B,EIHOTEL,EQ,Y,Y,40
INE913H01037,Endurance Technologies Limited,540153,B,ENDURANCE,EQ,Y,Y,40
INE510A01028,Engineers India Ltd,532178,A,ENGINERSIN,EQ,Y,Y,40
INE406M01024,Eris Lifesciences Limited,540596,B,ERIS,EQ,Y,Y,40
INE416L01017,Eros International Media Limited,533261,A,EROSMEDIA,EQ,Y,Y,40
INE042A01014,Escorts Ltd,500495,A,ESCORTS,EQ,Y,Y,40
INE302A01020,Exide Industries Ltd,500086,A,EXIDEIND,EQ,Y,Y,40
INE171A01029,Federal Bank Ltd,500469,A,FEDERALBNK,EQ,Y,Y,40
INE684F01012,Firstsource Solutions Limited,532809,A,FSL,EQ,Y,Y,40
INE061F01013,Fortis Healthcare Ltd,532843,A,FORTIS,EQ,Y,Y,40
INE220J01025,Future Consumer Limited,533400,A,FCONSUMER,EQ,Y,Y,40
INE452O01016,Future Lifestyle Fashions Ltd,536507,A,FLFL,EQ,Y,Y,40
INE935Q01015,Future Supply Chain Solutions Limited,540798,B,FSC,EQ,Y,Y,40
INE934S01014,G N A Axles Limited,540124,B,GNA,EQ,Y,Y,40
INE600K01018,Galaxy Surfactants Limited,540935,B,GALAXYSURF,EQ,Y,Y,40
INE852F01015,Gateway Distriparks Limited,532622,A,GDL,EQ,Y,Y,40
INE152B01027,Gati Ltd,532345,A,GATI,EQ,Y,Y,40
INE336H01023,Gayatri Projects Limited,532767,B,GAYAPROJ,EQ,Y,Y,40
INE539A01019,GHCL Limited,500171,A,GHCL,EQ,Y,Y,40
INE289B01019,GIC Housing Finance Ltd,511676,A,GICHSGFIN,EQ,Y,Y,40
INE322A01010,Gillette India Ltd,507815,B,GILLETTE,EQ,Y,Y,40
INE264A01014,GlaxoSmithkline Consumer Healthcare Ltd,500676,A,GSKCONS,EQ,Y,Y,40
INE159A01016,GlaxoSmithKline Pharmaceuticals Ltd,500660,A,GLAXO,EQ,Y,Y,40
INE935A01035,Glenmark Pharmaceuticals Ltd.,532296,A,GLENMARK,EQ,Y,Y,40
INE075D01018,GM Breweries Ltd,507488,B,GMBREW,EQ,Y,Y,40
INE776C01039,GMR Infrastructure Ltd,532754,A,GMRINFRA,EQ,Y,Y,40
INE260B01028,Godfrey Phillips India Ltd,500163,A,GODFRYPHLP,EQ,Y,Y,40
INE850D01014,Godrej Agrovet Limited,540743,B,GODREJAGRO,EQ,Y,Y,40
INE233A01035,Godrej Industries Ltd,500164,A,GODREJIND,EQ,Y,Y,40
INE484J01027,GODREJ PROPERTIES LTD.,533150,A,GODREJPROP,EQ,Y,Y,40
INE101D01020,Granules India Ltd,532482,A,GRANULES,EQ,Y,Y,40
INE024L01027,Gravita India Limited,533282,B,GRAVITA,EQ,Y,Y,40
INE224A01026,Greaves Cotton Ltd,501455,A,GREAVESCOT,EQ,Y,Y,40
INE461C01038,Greenply Industries Ltd,526797,B,GREENPLY,EQ,Y,Y,40
INE580B01029,Gruh Finance Ltd,511288,A,GRUH,EQ,Y,Y,40
INE186A01019,Gujarat Alkalies & Chemicals Ltd,530001,B,GUJALKALI,EQ,Y,Y,40
INE036B01022,Gujarat Ambuja Exports Ltd,524226,B,GAEL,EQ,Y,Y,40
INE538A01037,Gujarat Fluorochemicals Ltd,500173,B,GUJFLUORO,EQ,Y,Y,40
INE844O01022,Gujarat Gas Limited,539336,A,GUJGASLTD,EQ,Y,Y,40
INE131A01031,Gujarat Mineral Development Corp.ltd,532181,A,GMDCLTD,EQ,Y,Y,40
INE113A01013,Gujarat Narmada Valley Fert. & chemicals,500670,A,GNFC,EQ,Y,Y,40
INE517F01014,GUJARAT PIPAVAV PORT LIMITED,533248,A,GPPL,EQ,Y,Y,40
INE246F01010,Gujarat State Petronet Ltd,532702,A,GSPL,EQ,Y,Y,40
INE926X01010,H.G. Infra Engineering Limited,541019,B,HGINFRA,EQ,Y,Y,40
INE236A01020,HCL Infosystems Ltd,500179,A,HCL-INSYS,EQ,Y,Y,40
INE795G01014,HDFC Standard Life Insurance Company Ltd,540777,B,HDFCLIFE,EQ,Y,Y,40
INE578A01017,HeidelbergCement India Limited,500292,A,HEIDELBERG,EQ,Y,Y,40
INE978A01027,Heritage Foods Ltd,519552,B,HERITGFOOD,EQ,Y,Y,40
INE093A01033,Hexaware Technologies Ltd,532129,A,HEXAWARE,EQ,Y,Y,40
INE548A01028,Himachal Futuristic Communications Ltd,500183,A,HFCL,EQ,Y,Y,40
INE049A01027,Himatsingka Seide Ltd,514043,B,HIMATSEIDE,EQ,Y,Y,40
INE066F01012,Hindustan Aeronautics Limited,541154,B,HAL,EQ,Y,Y,40
INE549A01026,Hindustan Construction Company Limited,500185,A,HCC,EQ,Y,Y,40
INE531E01026,Hindustan Copper Ltd,513599,A,HINDCOPPER,EQ,Y,Y,40
INE345A01011,Hindustan Oil Exploration Company Ltd,500186,B,HINDOILEXP,EQ,Y,Y,40
INE671A01010,Honeywell Automantion India Ltd,517174,B,HONAUT,EQ,Y,Y,40
INE031A01017,Housing and Urban Development Corporatio,540530,B,HUDCO,EQ,Y,Y,40
INE191I01012,Housing Development and Infrastruc,532873,A,HDIL,EQ,Y,Y,40
INE703H01016,Hubtown Ltd,532799,B,HUBTOWN,EQ,Y,Y,40
INE765G01017,ICICI Lombard General Insurance Co. Ltd,540716,B,ICICIGI,EQ,Y,Y,40
INE763G01038,ICICI Securities Limited,541179,B,ISEC,EQ,Y,Y,40
INE725G01011,ICRA Limited,532835,A,ICRA,EQ,Y,Y,40
INE008A01015,IDBI Bank Limited,500116,A,IDBI,EQ,Y,Y,40
INE092T01019,IDFC Bank Limited,539437,A,IDFCBANK,EQ,Y,Y,40
INE043D01016,IDFC Limited,532659,A,IDFC,EQ,Y,Y,40
INE559A01017,IFB Industries Ltd,505726,B,IFBIND,EQ,Y,Y,40
INE039A01010,IFCI Ltd,500106,A,IFCI,EQ,Y,Y,40
INE204A01010,IG Petrochemicals Ltd,500199,B,IGPL,EQ,Y,Y,40
INE530B01024,IIFL Holdings Limited,532636,A,IIFL,EQ,Y,Y,40
INE383A01012,India Cements Ltd,530005,A,INDIACEM,EQ,Y,Y,40
INE069I01010,Indiabulls Real Estate Limited,532832,A,IBREALEST,EQ,Y,Y,40
INE562A01011,Indian Bank,532814,A,INDIANB,EQ,Y,Y,40
INE022Q01012,Indian Energy Exchange Limited,540750,B,IEX,EQ,Y,Y,40
INE053A01029,Indian Hotels Company Ltd,500850,A,INDHOTEL,EQ,Y,Y,40
INE483B01026,Indo Count Industries Limited,521016,A,ICIL,EQ,Y,Y,40
INE896L01010,IndoStar Capital Finance Limited,541336,B,INDOSTAR,EQ,Y,Y,40
INE203G01027,Indraprastha Gas Limited,532514,A,IGL,EQ,Y,Y,40
INE663F01024,Info Edge (India) Limited,532777,A,NAUKRI,EQ,Y,Y,40
INE312H01016,Inox Leisure limited,532706,A,INOXLEISUR,EQ,Y,Y,40
INE571A01020,Ipca Laboratories Ltd,524494,A,IPCALAB,EQ,Y,Y,40
INE821I01014,IRB Infrastructure Developers Ltd,532947,A,IRB,EQ,Y,Y,40
INE789E01012,J K Paper Ltd,532162,B,JKPAPER,EQ,Y,Y,40
INE199G01027,Jagran Prakashan Limited,532705,B,JAGRAN,EQ,Y,Y,40
INE175A01038,Jain Irrigation Systems Ltd,500219,A,JISLJALEQS,EQ,Y,Y,40
INE039C01032,Jamna Auto Industries Ltd,520051,B,JAMNAAUTO,EQ,Y,Y,40
INE802G01018,Jet Airways India Ltd,532617,A,JETAIRWAYS,EQ,Y,Y,40
INE197D01010,Jindal Poly Films Ltd,500227,B,JINDALPOLY,EQ,Y,Y,40
INE455T01018,Jindal Stainless (Hisar) Limited,539597,B,JSLHISAR,EQ,Y,Y,40
INE220G01021,Jindal Stainless Limited,532508,B,JSL,EQ,Y,Y,40
INE573A01042,JK Tyre & Industries Ltd,530007,A,JKTYRE,EQ,Y,Y,40
INE780C01023,JM Financial Ltd,523405,A,JMFINANCIL,EQ,Y,Y,40
INE890A01016,JMC Projects (India)  Limited,522263,B,JMCPROJECT,EQ,Y,Y,40
INE121E01018,JSW ENERGY LTD.,533148,A,JSWENERGY,EQ,Y,Y,40
INE700A01033,Jubilant Life Sciences Limited,530019,A,JUBILANT,EQ,Y,Y,40
INE599M01018,Just Dial Limited,535648,A,JUSTDIAL,EQ,Y,Y,40
INE668F01031,Jyothy Laboratories Ltd,532926,B,JYOTHYLAB,EQ,Y,Y,40
INE217B01036,Kajaria Ceramics Ltd,500233,A,KAJARIACER,EQ,Y,Y,40
INE220B01022,Kalpataru Power Transmission Ltd,522287,B,KALPATPOWR,EQ,Y,Y,40
INE531A01024,Kansai Nerolac Paints Ltd,500165,A,KANSAINER,EQ,Y,Y,40
INE036D01028,Karur Vysya Bank Limited,590003,B,KARURVYSYA,EQ,Y,Y,40
INE455I01029,Kaveri Seed Company Ltd,532899,A,KSCL,EQ,Y,Y,40
INE389H01022,Kec International Limited,532714,A,KEC,EQ,Y,Y,40
INE415I01015,Kiri Industries Limited,532967,B,KIRIINDUS,EQ,Y,Y,40
INE634I01029,KNR Constructions Ltd,532942,B,KNRCON,EQ,Y,Y,40
INF174K01F59,Kotak Banking ETF,-,-,KOTAKBKETF,EQ,N,Y,40
INE836A01035,KPIT Technologies Limited,532400,A,KPIT,EQ,Y,Y,40
INE930H01023,KPR Mill Ltd,532889,A,KPRMILL,EQ,Y,Y,40
INE524L01026,Kridhan Infra Limited,533482,B,KRIDHANINF,EQ,Y,Y,40
INE010V01017,L&T Technology Services Limited,540115,A,LTTS,EQ,Y,Y,40
INE269B01029,Lakshmi Machine Works Ltd,500252,A,LAXMIMACH,EQ,Y,Y,40
INE694C01018,Lakshmi Vilas Bank Ltd,534690,A,LAKSHVILAS,EQ,Y,Y,40
INE214T01019,Larsen & Toubro Infotech  Limited,540005,A,LTI,EQ,Y,Y,40
INE947Q01010,Laurus Labs Limited,540222,A,LAURUSLABS,EQ,Y,Y,40
INE473A01011,Linde India Limited (BOC India Ltd),523457,A,LINDEINDIA,EQ,Y,Y,40
INE818H01020,LT Foods Ltd,532783,B,DAAWAT,EQ,Y,Y,40
INE150G01020,Lux Industries Limited,539542,B,LUXIND,EQ,Y,Y,40
INE511C01022,Magma Fincorp Ltd,524000,B,MAGMA,EQ,Y,Y,40
INE002S01010,Mahanagar Gas Limited,539957,A,MGL,EQ,Y,Y,40
INE288A01013,Maharashtra Scooters Ltd,500266,B,MAHSCOOTER,EQ,Y,Y,40
INE271B01025,Maharashtra Seamless Ltd,500265,B,MAHSEAMLES,EQ,Y,Y,40
INE774D01024,Mahindra & Mahindra Fin Services Ltd,532720,A,M&MFIN,EQ,Y,Y,40
INE998I01010,Mahindra Holidays & Resorts India Ltd,533088,A,MHRIL,EQ,Y,Y,40
INE813A01018,Mahindra Lifespace Developers Limited,532313,A,MAHLIFE,EQ,Y,Y,40
INE766P01016,Mahindra Logistics Limited,540768,B,MAHLOG,EQ,Y,Y,40
INE898S01029,Majesco Limited,539289,B,MAJESCO,EQ,Y,Y,40
INE522D01027,Manappuram Finance Limited,531213,A,MANAPPURAM,EQ,Y,Y,40
INE103A01014,Mangalore Refinery & Petrochemicals Ltd,500109,A,MRPL,EQ,Y,Y,40
INE750C01026,Marksans Pharma Limited,524404,A,MARKSANS,EQ,Y,Y,40
INE348L01012,MAS Financial Services Limited,540749,B,MASFIN,EQ,Y,Y,40
INE759A01021,Mastek Ltd,523704,B,MASTEK,EQ,Y,Y,40
INE180A01020,Max Financial Services Limited,500271,A,MFSL,EQ,Y,Y,40
INE153U01017,Max India Limited,539981,A,MAXINDIA,EQ,Y,Y,40
INE942G01012,Mcleod Russel India Limited,532654,A,MCLEODRUSS,EQ,Y,Y,40
INE974H01013,Meghmani Organics Limited,532865,B,MEGH,EQ,Y,Y,40
INE776I01010,MEP Infrastructure Developers Limited,539126,B,MEP,EQ,Y,Y,40
INE934B01028,Mercator Limited,526235,B,MERCATOR,EQ,Y,Y,40
INE842C01021,Minda Corporation Limited,538962,B,MINDACORP,EQ,Y,Y,40
INE405E01023,Minda Industries Ltd,532539,B,MINDAIND,EQ,Y,Y,40
INE018I01017,MindTree Limited,532819,A,MINDTREE,EQ,Y,Y,40
INE771A01026,Mirza International Ltd,526642,B,MIRZAINT,EQ,Y,Y,40
INE123F01029,MMTC Ltd,513377,A,MMTC,EQ,Y,Y,40
INE490G01020,Moil Ltd,533286,A,MOIL,EQ,Y,Y,40
INE338I01027,Motilal Oswal Financial Services Ltd,532892,A,MOTILALOFS,EQ,Y,Y,40
INE356A01018,Mphasis Ltd,526299,A,MPHASIS,EQ,Y,Y,40
INE296G01013,Muthoot Capital Services Ltd,511766,B,MUTHOOTCAP,EQ,Y,Y,40
INE414G01012,Muthoot Finance Limited,533398,A,MUTHOOTFIN,EQ,Y,Y,40
INE987B01026,Natco Pharma Ltd,524816,A,NATCOPHARM,EQ,Y,Y,40
INE139A01034,National Aluminium Company Ltd,532234,A,NATIONALUM,EQ,Y,Y,40
INE870D01012,National Fertilizers Ltd,523630,B,NFL,EQ,Y,Y,40
INE725A01022,Nava Bharat Ventures Limited,513023,A,NBVENTURES,EQ,Y,Y,40
INE048G01026,Navin Fluorine International Ltd,532504,A,NAVINFLUOR,EQ,Y,Y,40
INE095N01031,NBCC (India) Limited,534309,A,NBCC,EQ,Y,Y,40
INE868B01028,NCC Ltd,500294,A,NCC,EQ,Y,Y,40
INE732C01016,NCL Industries Ltd,502168,B,NCLIND,EQ,Y,Y,40
INE239A01016,Nestle India Limited,500790,A,NESTLEIND,EQ,Y,Y,40
INE870H01013,Network18 Media & Investments Limited,532798,A,NETWORK18,EQ,Y,Y,40
INE161A01038,NIIT Ltd,500304,A,NIITLTD,EQ,Y,Y,40
INE591G01017,NIIT Technologies Ltd,532541,A,NIITTECH,EQ,Y,Y,40
INE310A01015,Nilkamal Limited,523385,A,NILKAMAL,EQ,Y,Y,40
INE589A01014,NLC India Limited,513683,A,NLCINDIA,EQ,Y,Y,40
INE163A01018,NOCIL Limited,500730,B,NOCIL,EQ,Y,Y,40
INE093I01010,Oberoi Realty Limited,533273,A,OBEROIRLTY,EQ,Y,Y,40
INE800H01010,Omaxe Ltd,532880,A,OMAXE,EQ,Y,Y,40
INE141A01014,Oriental Bank of Commerce,500315,A,ORIENTBANK,EQ,Y,Y,40
INE761H01022,Page Industries Limited,532827,A,PAGEIND,EQ,Y,Y,40
INE883N01014,Parag Milk Foods Limited,539889,A,PARAGMILK,EQ,Y,Y,40
INE262H01013,Persistent Systems Ltd,533179,A,PERSISTENT,EQ,Y,Y,40
INE182A01018,PFIZER LTD.,500680,A,PFIZER,EQ,Y,Y,40
INE211B01039,Phoenix Mills Ltd,503100,B,PHOENIXLTD,EQ,Y,Y,40
INE603J01030,PI Industries Ltd,523642,A,PIIND,EQ,Y,Y,40
INE572E01012,PNB Housing Finance Limited,540173,A,PNBHOUSING,EQ,Y,Y,40
INE195J01029,PNC Infratech Limited,539150,B,PNCINFRA,EQ,Y,Y,40
INE811K01011,Prestige Estates Projects Limited,533274,A,PRESTIGE,EQ,Y,Y,40
INE010A01011,PRISM JOHNSON LIMITED,500338,B,PRSMJOHNSN,EQ,Y,Y,40
INE877F01012,PTC India Ltd,532524,A,PTC,EQ,Y,Y,40
INE323I01011,Puravankara Limited,532891,B,PURVA,EQ,Y,Y,40
INE191H01014,PVR Ltd,532689,A,PVR,EQ,Y,Y,40
INE615P01015,Quess Corp Limited,539978,B,QUESS,EQ,Y,Y,40
INE306L01010,Quick Heal Technologies Limited,539678,B,QUICKHEAL,EQ,Y,Y,40
INE343B01030,Rajesh Exports Ltd,531500,A,RAJESHEXPO,EQ,Y,Y,40
INE613A01020,Rallis India Limited,500355,A,RALLIS,EQ,Y,Y,40
INE246B01019,Ramco Systems Ltd,532370,B,RAMCOSYS,EQ,Y,Y,40
INE399G01015,RAMKRISHNA FORGINGS LTD,532527,B,RKFORGE,EQ,Y,Y,40
INE027A01015,Rashtriya Chemicals & Fertilizers Ltd,524230,A,RCF,EQ,Y,Y,40
INE301A01014,Raymond Ltd,500330,A,RAYMOND,EQ,Y,Y,40
INE976G01028,RBL Bank Limited,540065,A,RBLBANK,EQ,Y,Y,40
INE891D01026,Redington (India) Limited,532805,A,REDINGTON,EQ,Y,Y,40
INE013A01015,Reliance Capital Ltd,500111,A,RELCAPITAL,EQ,Y,Y,40
INF732E01078,Reliance ETF Bank BeES,590106,B,BANKBEES,EQ,Y,Y,40
INF732E01011,Reliance ETF Nifty BeES,590103,B,NIFTYBEES,EQ,Y,Y,40
INE046A01015,Reliance Ind. Infra. Ltd,523445,B,RIIL,EQ,Y,Y,40
INE036A01016,Reliance Infrastructure Ltd,500390,A,RELINFRA,EQ,Y,Y,40
INE298J01013,Reliance Nippon Life Asset Management Li,540767,B,RNAM,EQ,Y,Y,40
INE614G01033,Reliance Power Ltd,532939,A,RPOWER,EQ,Y,Y,40
INE621H01010,Religare Enterprises Ltd,532915,A,RELIGARE,EQ,Y,Y,40
INE612J01015,Repco Home Finance Limited,535322,A,REPCOHOME,EQ,Y,Y,40
INE226H01026,Sadbhav Engineering Limited,532710,A,SADBHAV,EQ,Y,Y,40
INE999B01013,Sanghi Industries Ltd,526521,B,SANGHIIND,EQ,Y,Y,40
INE058A01010,Sanofi India Limited,500674,A,SANOFI,EQ,Y,Y,40
INE385C01013,Sarda Energy & Minerals Ltd,504614,B,SARDAEN,EQ,Y,Y,40
INE979A01017,Saregama India Ltd,532163,B,SAREGAMA,EQ,Y,Y,40
INE231F01020,Sasken Technologies Limited,532663,B,SASKEN,EQ,Y,Y,40
INE836B01017,Satin Creditcare Network Limited,539404,B,SATIN,EQ,Y,Y,40
INE513A01014,Schaeffler India Limited,505790,B,SCHAEFFLER,EQ,Y,Y,40
INE908D01010,Shakti Pumps India Ltd,531431,B,SHAKTIPUMP,EQ,Y,Y,40
INE274V01019,Shankara Building Products Limited,540425,B,SHANKARA,EQ,Y,Y,40
INE221J01015,Sharda Cropchem Limited,538666,A,SHARDACROP,EQ,Y,Y,40
INE109A01011,Shipping Corporation of India Ltd,523598,A,SCI,EQ,Y,Y,40
INE498B01024,SHOPPERS STOP LTD,532638,A,SHOPERSTOP,EQ,Y,Y,40
INE087H01022,Shree Renuka Sugars Ltd,532670,A,RENUKA,EQ,Y,Y,40
INE722A01011,Shriram City Union Finance Ltd,532498,A,SHRIRAMCIT,EQ,Y,Y,40
INE501W01021,Sintex Plastics Technology Ltd.,540653,B,SPTL,EQ,Y,Y,40
INE671H01015,Sobha Developers Limited,532784,A,SOBHA,EQ,Y,Y,40
INE269A01021,Sonata Software Ltd,532221,B,SONATSOFTW,EQ,Y,Y,40
INE683A01023,South Indian Bank Ltd,532218,A,SOUTHBANK,EQ,Y,Y,40
INE647A01010,SRF LTD.,503806,A,SRF,EQ,Y,Y,40
INE089C01029,Sterlite Technologies Limited,532374,A,STRTECH,EQ,Y,Y,40
INE939A01011,Strides Shasun Ltd,532531,A,STAR,EQ,Y,Y,40
INE659A01023,Sudarshan Chemical Industries Limited,506655,B,SUDARSCHEM,EQ,Y,Y,40
INE232I01014,Sun Pharma Advanced Research Company Ltd,532872,A,SPARC,EQ,Y,Y,40
INE660A01013,Sundaram Finance Ltd,590071,B,SUNDARMFIN,EQ,Y,Y,40
INE805D01034,Sunteck Realty Ltd,512179,A,SUNTECK,EQ,Y,Y,40
INE195A01028,Supreme Industries Ltd,509930,A,SUPREMEIND,EQ,Y,Y,40
INE335A01012,Surya Roshni Ltd,500336,B,SURYAROSNI,EQ,Y,Y,40
INE495B01038,Suven Life Sciences Ltd,530239,B,SUVEN,EQ,Y,Y,40
INE040H01021,Suzlon Energy Limited,532667,A,SUZLON,EQ,Y,Y,40
INE225D01027,Symphony Ltd,517385,A,SYMPHONY,EQ,Y,Y,40
INE667A01018,Syndicate Bank,532276,A,SYNDIBANK,EQ,Y,Y,40
INE398R01022,Syngene International Limited,539268,A,SYNGENE,EQ,Y,Y,40
INE142I01023,Take Solutions Ltd,532890,B,TAKE,EQ,Y,Y,40
INE488B01017,TASTY BITE EATABLES,519091,B,TASTYBITE,EQ,Y,Y,40
INE092A01019,Tata Chemicals Ltd,500770,A,TATACHEM,EQ,Y,Y,40
INE493A01027,Tata Coffee Ltd,532301,B,TATACOFFEE,EQ,Y,Y,40
INE151A01013,Tata Communications Ltd,500483,A,TATACOMM,EQ,Y,Y,40
INE670A01012,Tata Elxsi Ltd,500408,A,TATAELXSI,EQ,Y,Y,40
INE192A01025,Tata Global Beverages Limited,500800,A,TATAGLOBAL,EQ,Y,Y,40
INE672A01018,Tata Investment Corporation Ltd,501301,B,TATAINVEST,EQ,Y,Y,40
INE056C01010,TATA METALIKS LTD,513434,B,TATAMETALI,EQ,Y,Y,40
IN9155A01020,Tata Motors Limited (DVR),570001,A,TATAMTRDVR,EQ,Y,Y,40
INE245A01021,Tata Power Company Ltd,500400,A,TATAPOWER,EQ,Y,Y,40
INE674A01014,Tata Sponge Iron Ltd,513010,A,TATASPONGE,EQ,Y,Y,40
INE985S01024,TeamLease Services Limited,539658,B,TEAMLEASE,EQ,Y,Y,40
INE010J01012,Tejas Networks Limited,540595,B,TEJASNET,EQ,Y,Y,40
INE614B01018,The Karnataka Bank Limited,532652,A,KTKBANK,EQ,Y,Y,40
INE470Y01017,The New India Assurance Company Limited,540769,B,NIACL,EQ,Y,Y,40
INE331A01037,The Ramco Cements Ltd,500260,A,RAMCOCEM,EQ,Y,Y,40
INE655A01013,The State Trading Corporation of India L,512531,B,STCINDIA,EQ,Y,Y,40
INE152A01029,Thermax Ltd,500411,A,THERMAX,EQ,Y,Y,40
INE332A01027,Thomas Cook (India) Ltd,500413,B,THOMASCOOK,EQ,Y,Y,40
INE594H01019,Thyrocare Technologies Limited,539871,B,THYROCARE,EQ,Y,Y,40
INE149A01033,TI Financial Holdings Limited,504973,A,TIFIN,EQ,Y,Y,40
INE508G01029,Time Technoplast Limited,532856,A,TIMETECHNO,EQ,Y,Y,40
INE615H01020,Titagarh Wagons Ltd,532966,A,TWL,EQ,Y,Y,40
INE685A01028,Torrent Pharmaceuticals Ltd,500420,A,TORNTPHARM,EQ,Y,Y,40
INE813H01021,Torrent Power Limited,532779,A,TORNTPOWER,EQ,Y,Y,40
INE305A01015,Tourism Finance Corporation of India Ltd,526650,B,TFCILTD,EQ,Y,Y,40
INE849A01020,Trent Ltd,500251,A,TRENT,EQ,Y,Y,40
INE064C01014,Trident Limited,521064,A,TRIDENT,EQ,Y,Y,40
INE256C01024,Triveni Engineering & Industries Ltd,532356,B,TRIVENI,EQ,Y,Y,40
INE690A01010,TTK Prestige Ltd,517506,A,TTKPRESTIG,EQ,Y,Y,40
INE038F01029,TV Today Network Ltd,532515,B,TVTODAY,EQ,Y,Y,40
INE886H01027,TV18 Broadcast Ltd,532800,A,TV18BRDCST,EQ,Y,Y,40
INE516A01017,Uflex Ltd,500148,A,UFLEX,EQ,Y,Y,40
INE334L01012,Ujjivan Financial Services Limited,539874,A,UJJIVAN,EQ,Y,Y,40
INE692A01016,Union Bank of India,532477,A,UNIONBANK,EQ,Y,Y,40
INE686F01025,United Breweries Ltd,532478,A,UBL,EQ,Y,Y,40
INE945H01013,V2 Retail Limited,532867,B,V2RETAIL,EQ,Y,Y,40
INE956G01038,VA Tech Wabag Limited,533269,A,WABAG,EQ,Y,Y,40
INE825A01012,Vardhman Textiles Ltd,502986,B,VTL,EQ,Y,Y,40
INE200M01013,Varun Beverages Limited,540180,B,VBL,EQ,Y,Y,40
INE951I01027,V-Guard Industries Limited,532953,A,VGUARD,EQ,Y,Y,40
INE705A01016,Vijaya Bank,532401,A,VIJAYABANK,EQ,Y,Y,40
INE054A01027,VIP Industries Ltd,507880,A,VIPIND,EQ,Y,Y,40
INE392A01013,Visaka Industries Ltd,509055,B,VISAKAIND,EQ,Y,Y,40
INE526G01021,Vivimed Labs Ltd,532660,B,VIVIMEDLAB,EQ,Y,Y,40
INE665J01013,V-Mart Retail Limited,534976,B,VMART,EQ,Y,Y,40
INE226A01021,Voltas Ltd,500575,A,VOLTAS,EQ,Y,Y,40
INE366I01010,VRL Logistics Limited,539118,B,VRLLOG,EQ,Y,Y,40
INE764D01017,VST Tillers Tractors Ltd,531266,B,VSTTILLERS,EQ,Y,Y,40
INE342J01019,WABCO India Ltd,533023,A,WABCOINDIA,EQ,Y,Y,40
INE711A01022,Walchandnagar Industries Ltd,507410,B,WALCHANNAG,EQ,Y,Y,40
INE191B01025,Welspun Corp Limited,532144,A,WELCORP,EQ,Y,Y,40
INE192B01031,Welspun India Ltd,514162,A,WELSPUNIND,EQ,Y,Y,40
INE716A01013,Whirlpool of India Ltd,500238,A,WHIRLPOOL,EQ,Y,Y,40
INE049B01025,Wockhardt Ltd,532300,A,WOCKPHARMA,EQ,Y,Y,40
INE520A01019,Zensar Technologies Ltd,504067,B,ZENSARTECH,EQ,Y,Y,40
INE840M01016,Zuari Agro Chemicals Limited,534742,B,ZUARI,EQ,Y,Y,40
INE767A01016,Aarti Drugs Ltd,524348,B,AARTIDRUGS,EQ,Y,Y,45
INE931S01010,Adani Transmission Limited,539254,A,ADANITRANS,EQ,Y,Y,45
INE982B01019,ADF Foods Ltd,519183,B,ADFFOODS,EQ,Y,Y,45
INE758C01029,Ahluwalia Contracts (India) Ltd,532811,B,AHLUCONT,EQ,Y,Y,45
INE212H01026,Aia Engineering Limited,532683,A,AIAENG,EQ,Y,Y,45
INE438A01022,Apollo Tyres Ltd,500877,A,APOLLOTYRE,EQ,Y,Y,45
INE365D01021,Ashiana Housing & Finance India Ltd,523716,B,ASHIANA,EQ,Y,Y,45
INE563J01010,Astec Lifesciences Ltd,533138,B,ASTEC,EQ,Y,Y,45
INE545U01014,Bandhan Bank Limited,541153,B,BANDHANBNK,EQ,Y,Y,45
INE661I01014,BGR Energy Systems Ltd,532930,B,BGRENERGY,EQ,Y,Y,45
INE666D01022,Borosil Glass Works Ltd,502219,B,BOROSIL,EQ,Y,Y,45
INE110A01019,BPL Ltd,500074,B,BPL,EQ,Y,Y,45
INE120A01034,Carborundum Universal Ltd,513375,A,CARBORUNIV,EQ,Y,Y,45
INE485A01015,Century Enka Ltd,500280,B,CENTENKA,EQ,Y,Y,45
INE663B01015,Control Print Limited,522295,B,CONTROLPR,EQ,Y,Y,45
INE499A01024,DCM Shriram  Ltd,523367,B,DCMSHRIRAM,EQ,Y,Y,45
INE077A01010,Dena Bank,532121,A,DENABANK,EQ,Y,Y,45
INE041A01016,Dhampur Sugar Mills Ltd,500119,B,DHAMPURSUG,EQ,Y,Y,45
INE128A01029,Eveready Industries India Ltd,531508,B,EVEREADY,EQ,Y,Y,45
INE295A01018,EVEREST INDUSTRIES LIMITED,508906,B,EVERESTIND,EQ,Y,Y,45
INE235A01022,FINOLEX CABLES LTD.,500144,A,FINCABLES,EQ,Y,Y,45
INE276A01018,Garware Wall Ropes Ltd,509557,B,GARWALLROP,EQ,Y,Y,45
INE878A01011,GE Power India Limited,532309,B,GEPIL,EQ,Y,Y,45
INE536A01023,Grindwell Norton Ltd,506076,B,GRINDWELL,EQ,Y,Y,45
INE026A01025,Gujarat State Fertilizers & Chemicals Lt,500690,A,GSFC,EQ,Y,Y,45
INE982F01036,Hathway Cable & Datacom Ltd,533162,A,HATHWAY,EQ,Y,Y,45
INE075I01017,HealthCare Global Enterprises Limited,539787,B,HCG,EQ,Y,Y,45
INE919H01018,Indian Metals & Ferro Alloys Ltd,533047,B,IMFA,EQ,Y,Y,45
INE177A01018,Ingersoll Rand India Ltd,500210,B,INGERRAND,EQ,Y,Y,45
INE066P01011,Inox Wind Limited,539083,A,INOXWIND,EQ,Y,Y,45
INE686A01026,ITD Cementation India Ltd,509496,B,ITDCEM,EQ,Y,Y,45
INE070D01027,Jai Corp Ltd,512237,A,JAICORPLTD,EQ,Y,Y,45
INE168A01041,Jammu & Kashmir Bank Ltd,532209,A,J&KBANK,EQ,Y,Y,45
INE324A01024,Jindal Saw Ltd,500378,A,JINDALSAW,EQ,Y,Y,45
INE823G01014,JK Cement Ltd,532644,B,JKCEMENT,EQ,Y,Y,45
INE087A01019,Kesoram Industries Ltd,502937,B,KESORAMIND,EQ,Y,Y,45
INE834I01025,Khadim India Limited,540775,B,KHADIM,EQ,Y,Y,45
INE094I01018,Kolte - Patil Developers Limited,532924,B,KOLTEPATIL,EQ,Y,Y,45
INE557B01019,LIBERTY SHOES LIMITED,526596,B,LIBERTSHOE,EQ,Y,Y,45
INE153A01019,Mahanagar Telephone Nigam Ltd,500108,B,MTNL,EQ,Y,Y,45
INE201A01024,Manali Petrochemicals Ltd,500268,B,MANALIPETC,EQ,Y,Y,45
INE199A01012,MERCK LIMITED,500126,B,MERCK,EQ,Y,Y,45
INE227C01017,MM Forgings Ltd,522241,B,MMFL,EQ,Y,Y,45
INE083A01026,Morepen Laboratories Ltd,500288,B,MOREPENLAB,EQ,Y,Y,45
INE858F01012,Nitco Limited,532722,B,NITCO,EQ,Y,Y,45
INE142Z01019,Orient Electric Limited,541301,B,ORIENTELEC,EQ,Y,Y,45
INE602A01023,Phillips Carbon Black Ltd,506590,B,PHILIPCARB,EQ,Y,Y,45
INE211R01019,Power Mech Projects Limited,539302,B,POWERMECH,EQ,Y,Y,45
INE701B01021,Punj Lloyd Ltd,532693,B,PUNJLLOYD,EQ,Y,Y,45
INE614A01028,Ramco Industries Ltd,532369,B,RAMCOIND,EQ,Y,Y,45
INE217K01011,Reliance Home Finance Ltd,540709,B,RHFL,EQ,Y,Y,45
INE209B01025,Rico Auto Industries Ltd,520008,B,RICOAUTO,EQ,Y,Y,45
INE293A01013,Rolta India Ltd,500366,B,ROLTA,EQ,Y,Y,45
INE895B01021,Rupa & Company Limited,533552,B,RUPA,EQ,Y,Y,45
INE278H01035,Sandhar Technologies Limited,541163,B,SANDHAR,EQ,Y,Y,45
INE285J01010,Security and Intelligence Services Limit,540673,B,SIS,EQ,Y,Y,45
INE818A01017,Selan Exploration Technology Limited,530075,B,SELAN,EQ,Y,Y,45
INE712K01011,Shree Pushkar Chemicals & Fertilisers Li,539334,B,SHREEPUSHK,EQ,Y,Y,45
INE429C01035,Sintex Industries Ltd,502742,A,SINTEX,EQ,Y,Y,45
INE294B01019,SML Isuzu Limited,505192,B,SMLISUZU,EQ,Y,Y,45
INE734N01019,Snowman Logistics Limited,538635,B,SNOWMAN,EQ,Y,Y,45
INE343H01029,SOLAR INDUSTRIES INDIA LTD.,532725,B,SOLARINDS,EQ,Y,Y,45
INE480C01012,Som Distilleries & Breweries Ltd,507514,B,SDBL,EQ,Y,Y,45
INE947A01014,Sunflag Iron & Steel Company Ltd,500404,B,SUNFLAG,EQ,Y,Y,45
INE586B01026,Taj Gvk Hotels & Resorts Ltd,532390,B,TAJGVK,EQ,Y,Y,45
INE107A01015,Tamil Nadu Newsprint & Papers Ltd,531426,B,TNPL,EQ,Y,Y,45
INE325A01013,TIMKEN INDIA LTD.,522113,B,TIMKEN,EQ,Y,Y,45
INE948A01012,Trigyn Technologies Ltd,517562,B,TRIGYN,EQ,Y,Y,45
INE494B01023,TVS Motor Company Ltd,532343,A,TVSMOTOR,EQ,Y,Y,45
INE351A01035,Unichem Laboratories Ltd,506690,B,UNICHEMLAB,EQ,Y,Y,45
INE854D01024,United Spirits Ltd,532432,B,MCDOWELL-N,EQ,Y,Y,45
INE715A01015,Wheels India Ltd,590073,B,WHEELS,EQ,Y,Y,45
INE768C01010,Zydus Wellness Limited,531335,B,ZYDUSWELL,EQ,Y,Y,45
INE748C01020,3 I INFOTECH,532628,B,3IINFOTECH,EQ,Y,N,50
INE209A01019,Agro Tech Foods Ltd,500215,B,ATFL,EQ,Y,Y,50
INE137C01018,ALPHAGEO (INDIA )LTD,526397,B,ALPHAGEO,EQ,Y,Y,50
INE285H01022,Atlanta Limited,532759,B,ATLANTA,EQ,Y,Y,50
INE555B01013,AXISCADES Engineering Technologies Limit,532395,B,AXISCADES,EQ,Y,Y,50
INE306A01021,Bajaj Hindusthan Sugar Limited,500032,A,BAJAJHIND,EQ,Y,Y,50
INE050E01027,BALAJI AMINES LTD,530999,B,BALAMINES,EQ,Y,Y,50
INE164A01016,Balmer Lawrie & Company Ltd,523319,B,BALMLAWRIE,EQ,Y,Y,50
INE878K01010,BF Investment Limited,533303,B,BFINVEST,EQ,Y,Y,50
INE171Z01018,Bharat Dynamics Limited,541143,B,BDL,EQ,Y,Y,50
INE838B01013,BHARAT RASAYAN LTD,590021,B,BHARATRAS,EQ,Y,Y,50
INE421D01022,CCL PRODUCTS INDIA LTD,519600,B,CCL,EQ,Y,Y,50
INE660C01027,CENTRUM FINANCE LTD.,501150,B,CENTRUM,EQ,Y,Y,50
INE879I01012,D B Realty Limited,533160,B,DBREALTY,EQ,Y,N,50
INE500A01029,DCW Ltd,500117,B,DCW,EQ,Y,Y,50
INE947J01015,Den Networks Ltd,533137,A,DEN,EQ,Y,Y,50
INE325C01035,Dollar Industries Limited,541403,B,DOLLAR,EQ,Y,Y,50
INE366A01041,Dwarikesh Sugar Industries Ltd,532610,B,DWARKESH,EQ,Y,Y,50
INE988K01017,Equitas Holdings Limited,539844,A,EQUITAS,EQ,Y,Y,50
INE184H01027,Everest Kanto Cylinder Ltd,532684,B,EKC,EQ,Y,Y,50
INE223G01017,Excel Crop Care Ltd,532511,B,EXCELCROP,EQ,Y,Y,50
INE955D01029,Genus Power Infrastructures Limited,530343,B,GENUSPOWER,EQ,Y,Y,50
INE742B01025,Gufic Biosciences Ltd,509079,B,GUFICBIO,EQ,Y,Y,50
INE473B01035,Hatsun Agro Product Ltd,531531,B,HATSUN,EQ,Y,Y,50
INE475B01022,Hikal Ltd,524735,B,HIKAL,EQ,Y,Y,50
INE188B01013,Igarashi Motors India Ltd,517380,B,IGARASHI,EQ,Y,Y,50
INE219X23014,India Grid Trust,540565,IF,INDIGRID,IV,Y,Y,50
INE565A01014,INDIAN OVERSEAS EQ,532388,A,IOB,EQ,Y,Y,50
INE306R01017,Intellect Design Arena Limited,538835,A,INTELLECT,EQ,Y,Y,50
INE351F01018,Jaiprakash Power Ventures Ltd,532627,B,JPPOWER,EQ,Y,Y,50
INE927D01028,JBM Auto Ltd,532605,B,JBMA,EQ,Y,Y,50
INE645L01011,Jubilant Industries Limited,533320,B,JUBLINDS,EQ,Y,Y,50
INE587G01015,KAYA Limited,539276,B,KAYA,EQ,Y,Y,50
INE999A01015,KSB PUMPS LTD.,500249,B,KSBPUMPS,EQ,Y,Y,50
INE970X01018,Lemon Tree Hotels Limited,541233,B,LEMONTREE,EQ,Y,Y,50
INE597L01014,Lovable Lingerie Limited,533343,B,LOVABLE,EQ,Y,Y,50
INE866R01028,Matrimony.com Limited,540704,B,MATRIMONY,EQ,Y,Y,50
INE099Z01011,Mishra Dhatu Nigam Limited,541195,B,MIDHANI,EQ,Y,Y,50
INE410P01011,Narayana Hrudayalaya Limited,539551,B,NH,EQ,Y,Y,50
INE448G01010,Nath Bio-Genes (India) Limited,537291,B,NATHBIOGEN,EQ,Y,Y,50
INE278M01019,Navkar Corporation Limited,539332,A,NAVKARCORP,EQ,Y,Y,50
INE619B01017,Newgen Software Technologies Limited,540900,B,NEWGEN,EQ,Y,Y,50
INE808B01016,Opto Circuits India Ltd,532391,B,OPTOCIRCUI,EQ,Y,Y,50
INE932A01024,PENNAR INDUSTRIES LTD,513228,B,PENIND,EQ,Y,Y,50
INE633B01018,Polyplex Corporation Ltd,524051,B,POLYPLEX,EQ,Y,Y,50
INE095I01015,PPAP Automotive Limited,532934,B,PPAP,EQ,Y,Y,50
INE302M01033,Prabhat Dairy Limited,539351,B,PRABHAT,EQ,Y,Y,50
INE074A01025,Praj Industries Ltd,522205,A,PRAJIND,EQ,Y,Y,50
INE488V01015,PSP Projects Limited,540544,B,PSPPROJECT,EQ,Y,Y,50
INE560K01014,PTC India Financial Services Limited,533344,A,PFS,EQ,Y,Y,50
INE874I01013,Ramky Infrastructure Limited,533262,B,RAMKY,EQ,Y,Y,50
INE384A01010,Rane Holdings Ltd,505800,B,RANEHOLDIN,EQ,Y,Y,50
INE105J01010,RPG Life Sciences Limited,532983,B,RPGLIFE,EQ,Y,Y,50
INE573K01017,Rushil Decor Limited,533470,B,RUSHIL,EQ,Y,Y,50
INE597J01018,Shalby Limited,540797,B,SHALBY,EQ,Y,Y,50
INE916U01025,Sheela Foam Limited,540203,B,SFL,EQ,Y,Y,50
INE059B01024,Simplex Infrastructures Ltd,523838,B,SIMPLEXINF,EQ,Y,Y,50
INE002L01015,SJVN Limited,533206,A,SJVN,EQ,Y,Y,50
INE439E01022,Skipper Limited,538562,B,SKIPPER,EQ,Y,Y,50
INE355A01028,Somany Ceramics Ltd,531548,B,SOMANYCERA,EQ,Y,Y,50
INE943C01027,Srikalahasthi Pipes Limited,513605,B,SRIPIPES,EQ,Y,Y,50
INE802C01017,Steel Strips Wheels Ltd,513262,B,SSWL,EQ,Y,Y,50
INE387A01021,Sundram Fasteners Ltd,500403,A,SUNDRMFAST,EQ,Y,Y,50
INE399C01030,Suprajit Engineering Ltd,532509,B,SUPRAJIT,EQ,Y,Y,50
INE286K01024,Techno Electric & Engineering Co Ltd,533281,B,TECHNO,EQ,Y,Y,50
INE621L01012,Texmaco Rail & Engineering Limited,533326,A,TEXRAIL,EQ,Y,Y,50
INE421C01016,TVS Srichakra Ltd,509243,B,TVSSRICHAK,EQ,Y,Y,50
INE691A01018,UCO Bank Ltd,532505,A,UCOBANK,EQ,Y,Y,50
INE699A01011,Uttam Galva Steels Ltd,513216,B,UTTAMSTL,EQ,Y,N,50
INE884A01019,Vaibhav Global LTD.,532156,B,VAIBHAVGBL,EQ,Y,Y,50
INE893I01013,Vascon Engineers Limited,533156,B,VASCONEQ,EQ,Y,Y,50
INE410B01029,Vinati Organics Ltd,524200,B,VINATIORGA,EQ,Y,Y,50
INE726L01019,Weizmann Forex Limited,533452,B,WEIZFOREX,EQ,Y,Y,50
INE835G01018,Allsec Technologies Limited,532633,B,ALLSEC,EQ,Y,Y,55
INE871C01038,Avanti Feeds Ltd,512573,A,AVANTIFEED,EQ,Y,Y,55
INE294A01037,Ballarpur Industries Ltd,500102,B,BALLARPUR,EQ,Y,Y,55
INE205B01023,Elecon Engineering Company Ltd,505700,B,ELECON,EQ,Y,Y,55
INE255A01020,Essel Propack Ltd,500135,B,ESSELPACK,EQ,Y,Y,55
INE816B01027,FILATEX INDIA LIMITED,526227,B,FILATEX,EQ,Y,Y,55
INE524A01029,Gabriel India Ltd,505714,B,GABRIEL,EQ,Y,Y,55
INE460C01014,Ganesh Housing Corporation Ltd,526367,B,GANESHHOUC,EQ,Y,Y,55
INE615I01010,Globus Spirits Ltd,533104,B,GLOBUSSPR,EQ,Y,Y,55
INE635Q01029,Gulf Oil Lubricants India Limited,538567,B,GULFOILLUB,EQ,Y,Y,55
INE544A01019,Harrisons Malayalam Ltd,500467,B,HARRMALAYA,EQ,Y,Y,55
INE292B01021,HBL Power Systems Limited,517271,B,HBLPOWER,EQ,Y,Y,55
INE634A01018,Honda Siel Power Products Ltd,522064,B,HONDAPOWER,EQ,Y,Y,55
INE415A01038,HSIL Limited,500187,B,HSIL,EQ,Y,Y,55
INE873D01024,Indoco Remedies Ltd,532612,B,INDOCO,EQ,Y,Y,55
INE566K01011,Intrasoft Technologies Ltd,533181,B,ISFT,EQ,Y,Y,55
INE572A01028,JB Chemicals & Pharmaceuticals Ltd,506943,B,JBCHEPHARM,EQ,Y,Y,55
INE782A01015,Johnson Controls-Hitachi Air Conditionin,523398,B,JCHAC,EQ,Y,Y,55
INE602G01020,Kitex Garments Ltd,521248,B,KITEX,EQ,Y,Y,55
INE001B01026,KRBL Ltd,530813,B,KRBL,EQ,Y,Y,55
INE536H01010,Mahindra CIE Automotive Limited,532756,A,MAHINDCIE,EQ,Y,Y,55
INE949H01023,Man Infraconstruction Limited,533169,B,MANINFRA,EQ,Y,Y,55
INE893J01029,Mold-Tek Packaging Ltd,533080,B,MOLDTKPAC,EQ,Y,Y,55
INE592A01026,Orient Paper & Industries Ltd,502420,B,ORIENTPPR,EQ,Y,Y,55
INE399K01017,RattanIndia Power Limited,533122,A,RTNPOWER,EQ,Y,Y,55
INE330H01018,Reliance Communications Ltd,532712,A,RCOM,EQ,Y,Y,55
INE190H01016,Sakuma Exports Limited,532713,B,SAKUMA,EQ,Y,Y,55
INE989A01024,Sanghvi Movers Ltd,530073,B,SANGHVIMOV,EQ,Y,Y,55
INE839M01018,Schneider Electric Infrastructure Ltd,534139,B,SCHNEIDER,EQ,Y,Y,55
INE640A01023,SKF India Ltd,500472,A,SKFINDIA,EQ,Y,Y,55
INE235C01010,Sumeet Industries Ltd,514211,B,SUMEETINDS,EQ,Y,Y,55
INE974X01010,Tube Investments of India Ltd,540762,B,TIINDIA,EQ,Y,Y,55
INE950G01023,Uniply Industries Ltd,532646,B,UNIPLY,EQ,Y,Y,55
INE228A01035,Usha Martin Ltd,517146,B,USHAMART,EQ,Y,Y,55
INE976A01021,West Coast Paper Mills Ltd,500444,B,WSTCSTPAPR,EQ,Y,Y,55
INE966H01019,Zee Media Corporation Limited,532794,B,ZEEMEDIA,EQ,Y,Y,55
INE619I01012,A2Z Infra Engineering Limited,533292,B,A2ZINFRA,EQ,Y,Y,60
INE133A01011,Akzo Nobel India Limited,500710,B,AKZOINDIA,EQ,Y,Y,60
INE715B01013,Andhra Sugars Ltd,590062,B,ANDHRSUGAR,EQ,Y,Y,60
INE646X01014,Astron Paper & Board Mill Limited,540824,B,ASTRON,EQ,Y,Y,60
INE349W01017,Avadh Sugar & Energy Ltd,540649,B,AVADHSUGAR,EQ,Y,Y,60
INE794B01026,Balaji Telefilms Ltd,532382,B,BALAJITELE,EQ,Y,Y,60
INE213C01025,Banco Products India Ltd,500039,B,BANCOINDIA,EQ,Y,Y,60
INE457A01014,Bank of Maharashtra,532525,B,MAHABANK,EQ,Y,Y,60
INE464A01028,Bharat Bijlee Ltd,503960,B,BBL,EQ,Y,Y,60
INE180K01011,Bharat Financial Inclusion ltd,533228,A,BHARATFIN,EQ,Y,Y,60
INE727S01012,Bharat Road Network Limited,540700,B,BRNL,EQ,Y,Y,60
INE180C01026,Capri Global Capital Limited,531595,B,CGCL,EQ,Y,Y,60
INE112A01023,Corporation Bank,532179,A,CORPBANK,EQ,Y,Y,60
INE509F01011,Cupid Ltd,530843,B,CUPID,EQ,Y,Y,60
INE439L01019,Dalmia Bharat Limited,533309,A,DALMIABHA,EQ,Y,Y,60
INE677H01012,Deep Industries Limited,532760,B,DEEPIND,EQ,Y,Y,60
INE435G01025,Dhanuka Agritech Ltd,507717,B,DHANUKA,EQ,Y,Y,60
INE920A01011,Dolphin Offshore Enterprises India Ltd,522261,B,DOLPHINOFF,EQ,Y,Y,60
INE529A01010,Federal-Mogul Goetze (India) Ltd,505744,B,FMGOETZE,EQ,Y,Y,60
INE623B01027,Future Enterprises Limited,523574,B,FEL,EQ,Y,Y,60
INE007B01023,Geojit Financial Services Limited,532285,B,GEOJITFSL,EQ,Y,Y,60
INE300A01016,Goodricke Group Ltd,500166,X,GOODRICKE,EQ,Y,N,60
INE390G01014,GPT Infraprojects Ltd,533761,B,GPTINFRA,EQ,Y,Y,60
INE017A01032,Great Eastern Shipping Company Ltd,500620,A,GESHIP,EQ,Y,Y,60
INE170I01016,Hinduja Global Solutions Ltd,532859,B,HGS,EQ,Y,Y,60
INE501G01024,HT Media Ltd,532662,B,HTMEDIA,EQ,Y,Y,60
INE975G01012,IL&FS Transportation Networks Ltd,533177,A,IL&FSTRANS,EQ,Y,Y,60
INE611L01021,Indian Terrain Fashions Limited,533329,B,INDTERRAIN,EQ,Y,Y,60
INE483S01020,Infibeam Incorporation Limited,539807,A,INFIBEAM,EQ,Y,Y,60
INE070I01018,Insecticides (India) Limited,532851,B,INSECTICID,EQ,Y,Y,60
INE455F01025,Jaiprakash Associates Ltd,532532,A,JPASSOCIAT,EQ,Y,Y,60
INE749A01030,Jindal Steel & Power Ltd,532286,A,JINDALSTEL,EQ,Y,Y,60
INE786A01032,JK Lakshmi Cement Limited,500380,A,JKLAKSHMI,EQ,Y,Y,60
INE278R01018,Karda Constructions Limited,541161,B,KARDA,EQ,Y,Y,60
INE805C01028,KCP LTD,590066,B,KCP,EQ,Y,Y,60
INE401H01017,Kewal Kiran Clothing Limited,532732,B,KKCL,EQ,Y,Y,60
INE732A01036,KIRLOSKAR BROTHERS LTD.,500241,B,KIRLOSBROS,EQ,Y,Y,60
INE082A01010,KOPRAN LTD.,524280,B,KOPRAN,EQ,Y,Y,60
INE245C01019,Leel Electricals Ltd,517518,B,LEEL,EQ,Y,Y,60
INE337A01034,LG Balakrishnan & Bros Ltd,500250,B,LGBBROSLTD,EQ,Y,Y,60
INE405C01035,Lincoln Pharmaceuticals Ltd,531633,B,LINCOLN,EQ,Y,Y,60
INE274B01011,Monsanto India Ltd,524084,A,MONSANTO,EQ,Y,Y,60
INE304A01026,Mukand Ltd,500460,B,MUKANDLTD,EQ,Y,Y,60
INE577A01027,Munjal Showa Ltd,520043,B,MUNJALSHOW,EQ,Y,Y,60
INE317F01035,NESCO Ltd,505355,B,NESCO,EQ,Y,Y,60
INE937C01029,Nila Infrastructures Ltd,530377,B,NILAINFRA,EQ,Y,Y,60
INE096B01018,Nucleus Software Exports Ltd,531209,B,NUCLEUS,EQ,Y,Y,60
INE730A01022,Oricon Enterprises Ltd,513121,B,ORICONENT,EQ,Y,Y,60
INE876N01018,Orient Cement Limited,535754,B,ORIENTCEM,EQ,Y,Y,60
INE244B01030,Patel Engineering Ltd,531120,B,PATELENG,EQ,Y,Y,60
INE138A01028,Peninsula Land Ltd,503031,B,PENINLAND,EQ,Y,Y,60
INE205C01021,Poly Medicure Ltd,531768,B,POLYMED,EQ,Y,Y,60
INE393P01035,Prataap Snacks Limited,540724,B,DIAMONDYD,EQ,Y,Y,60
INE726V01018,Pricol Limited,540293,B,PRICOLLTD,EQ,Y,Y,60
INE050H01012,Rane Madras Ltd,532661,B,RML,EQ,Y,Y,60
INE703B01027,RATNAMANI METALS & TUBES LTD,520111,B,RATNAMANI,EQ,Y,Y,60
INF732E01045,Reliance ETF Junior BeES,590104,B,JUNIORBEES,EQ,Y,Y,60
INE688D01026,Responsive Industries Ltd,505509,B,RESPONIND,EQ,Y,Y,60
INE283H01019,Royal Orchid Hotels Ltd,532699,B,ROHLTD,EQ,Y,Y,60
INE500L01026,S H Kelkar and Company Limited,539450,B,SHK,EQ,Y,Y,60
INF200KA1580,SBI-ETF Nifty Bank,-,-,SETFNIFBK,EQ,N,Y,60
INE790G01031,SHILPA MEDICARE LTD,530549,B,SHILPAMED,EQ,Y,Y,60
INE637H01024,Shivam Autotech Ltd.,532776,B,SHIVAMAUTO,EQ,Y,Y,60
INE076B01028,Siyaram Silk Mills Ltd,503811,B,SIYSIL,EQ,Y,Y,60
INE411D01015,SKM Egg Products Export India Ltd,532143,B,SKMEGGPROD,EQ,Y,Y,60
INE147A01011,Southern Petrochemical Industrial Ltd,590030,B,SPIC,EQ,Y,Y,60
INE247M01014,Speciality Restaurants Limited,534425,B,SPECIALITY,EQ,Y,Y,60
INE937A01023,SPML Infra Limited,500402,B,SPMLINFRA,EQ,Y,Y,60
INE872A01014,Srei Infrastructure Finance Limited,523756,A,SREINFRA,EQ,Y,Y,60
INE460H01021,Star Cement Limited,540575,B,STARCEMENT,EQ,Y,Y,60
INE754A01014,Subex Limited,532348,B,SUBEX,EQ,Y,Y,60
INE105A01035,SUNDARAM CLAYLON LTD.,520056,B,SUNCLAYLTD,EQ,Y,Y,60
INE586V01016,TCI Express Limited,540212,B,TCIEXP,EQ,Y,Y,60
INE338A01016,Thirumalai Chemicals Ltd,500412,B,TIRUMALCHM,EQ,Y,Y,60
INE688A01022,Transport Corporation of India Ltd,532349,B,TCI,EQ,Y,Y,60
INE391D01019,TRF Ltd,505854,B,TRF,EQ,Y,Y,60
INE760L01018,Tribhovandas Bhimji Zaveri Limited,534369,B,TBZ,EQ,Y,Y,60
INE527H01019,UFO Moviez India Limited,539141,B,UFO,EQ,Y,Y,60
INE386A01015,VESUVIUS INDIA LIMITED,520113,B,VESUVIUS,EQ,Y,Y,60
INE565L01011,Zee Learn Limited,533287,B,ZEELEARN,EQ,Y,Y,60
INE217A01012,Zuari Global Limited,500780,B,ZUARIGLOB,EQ,Y,Y,60
INE793A01012,Accelya Kale Solutions Limited,532268,B,ACCELYA,EQ,Y,Y,65
INE172N01012,Adlabs Entertainment Limited,539056,B,ADLABS,EQ,Y,Y,65
INE542B01011,AksharChem India Ltd,524598,B,AKSHARCHEM,EQ,Y,Y,65
INE540G01014,Ambika Cotton Mills Ltd,531978,B,AMBIKCO,EQ,Y,Y,65
INE449C01025,ANDREW YULE & COMPANY LTD,526173,B,-,-,Y,N,65
INE372A01015,Apar Industries Limited,532259,B,APARINDS,EQ,Y,Y,65
INE713T01010,Apollo Micro Systems Limited,540879,B,APOLLO,EQ,Y,Y,65
INE298I01015,Aries Agro Ltd,532935,B,ARIES,EQ,Y,Y,65
INE034S01021,Arvind SmartSpaces Limited,539301,B,ARVSMART,EQ,Y,Y,65
INE350H01032,B. L. Kashyap and Sons Limited,532719,B,BLKASHYAP,EQ,Y,Y,65
INE354C01027,Bhageria Industries Limited,530803,B,BHAGERIA,EQ,Y,Y,65
INE316L01019,Bharat Wire Ropes Limited,539799,B,BHARATWIRE,EQ,Y,Y,65
INE071A01013,Binani Industries Limited,500059,B,BINANIIND,EQ,Y,N,65
INE995D01025,CHEMBOND CHEMICALS LTD,530871,X,-,-,Y,N,65
INE492A01029,Clariant Chemicals India Ltd,506390,B,CLNINDIA,EQ,Y,Y,65
INE981B01011,CMI LTD,517330,B,CMICABLES,EQ,Y,Y,65
INE757A01017,Cosmo Films Ltd,508814,B,COSMOFILMS,EQ,Y,Y,65
INE495A01022,Dalmia Bharat Suger & ind. ltd,500097,B,DALMIASUG,EQ,Y,Y,65
INE680A01011,Dhanlaxmi Bank Limited,532180,B,DHANBANK,EQ,Y,Y,65
INE477B01010,Dhunseri Petrochem & Tea Limited,523736,B,DPL,EQ,Y,Y,65
INE276C01014,EIH Associated Hotels Ltd,523127,B,EIHAHOTELS,EQ,Y,Y,65
INE285A01027,Elgi Equipments Ltd,522074,B,ELGIEQUIP,EQ,Y,Y,65
INE296H01011,Emkay Global Financial Services Ltd,532737,B,EMKAY,EQ,Y,Y,65
INE265F01028,Entertainment Network India Ltd,532700,B,ENIL,EQ,Y,Y,65
INE258B01022,FDC Ltd,531599,B,FDC,EQ,Y,Y,65
INE296C01020,Fiberweb India Ltd,507910,X,-,-,Y,N,65
INE737H01014,Fiem Industries Limited,532768,B,FIEMIND,EQ,Y,Y,65
INE183A01016,FINOLEX INDUSTRIES LTD.,500940,A,FINPIPE,EQ,Y,Y,65
INE360L01017,Future Market Network Limited (agre),533296,B,FMNL,EQ,Y,Y,65
INE181G01025,Gammon Infrastructure Projects Ltd,532959,B,GAMMNINFRA,EQ,Y,Y,65
INE845D01014,Ganesha Ecosphere   Limited,514167,B,GANECOS,EQ,Y,Y,65
INE887G01027,Gokaldas Exports Ltd,532630,B,GOKEX,EQ,Y,Y,65
INE533A01012,Goodyear India Ltd,500168,B,-,-,Y,N,65
INE869I01013,GTPL Hathway Limited,540602,B,GTPL,EQ,Y,Y,65
INE162A01010,Gujarat Industries Power Company Ltd,517300,B,GIPCL,EQ,Y,Y,65
INE782E01017,Hester Biosciences Ltd,524669,B,HESTERBIO,EQ,Y,Y,65
INE102A01024,Hotel Leelaventure Ltd,500193,B,HOTELEELA,EQ,Y,Y,65
INE596H01014,HOV Services Limited,532761,B,HOVS,EQ,Y,Y,65
INE495S01016,HPL Electric & Power Limited,540136,B,HPL,EQ,Y,Y,65
INE275B01026,Huhtamaki PPL Limited,509820,B,PAPERPROD,EQ,Y,Y,65
INE050B01023,IL & FS Investment managers Ltd,511208,B,IVC,EQ,Y,Y,65
INE486J01014,Infinite Computer Solutions (India) Ltd,533154,B,INFINITE,EQ,Y,Y,65
INE435A01028,International Paper APPM Limited,502330,B,IPAPPM,EQ,Y,Y,65
INE858B01011,ISGEC Heavy Engineering Ltd,533033,B,-,-,Y,N,65
INE571B01028,Jay Bharat Maruti Ltd,520066,B,JAYBARMARU,EQ,Y,Y,65
INE785A01026,Jayant Agro Organics Ltd,524330,B,JAYAGROGN,EQ,Y,Y,65
INE364A01020,Jayshree Tea & Industries Limited,509715,B,JAYSREETEA,EQ,Y,Y,65
INE544H01014,JHS Svendgaard Laboratories Limited,532771,B,JHS,EQ,Y,Y,65
INE742C01031,Jindal Drilling & Industries Ltd,511034,B,JINDRILL,EQ,Y,Y,65
INE437B01014,Kakatiya Cement Sugar & Industries Ltd,500234,B,KAKATCEM,EQ,Y,Y,65
INE967C01018,Kamat Hotels India Ltd,526668,B,KAMATHOTEL,EQ,Y,Y,65
INE390H01012,Kamdhenu Limited,532741,B,KAMDHENU,EQ,Y,Y,65
INE717A01029,Kennametal India Ltd,505890,B,-,-,Y,N,65
INE880L01014,KIOCL Limited,540680,B,KIOCL,EQ,Y,Y,65
INE884B01025,Kirloskar Ferrous Industries Ltd,500245,B,-,-,Y,N,65
INE080B01012,Kohinoor Foods Ltd,512559,B,KOHINOOR,EQ,Y,Y,65
INE760A01029,KokuyoCamlin Ltd,523207,B,KOKUYOCMLN,EQ,Y,Y,65
INF174K014P6,Kotak Nifty ETF,537708,B,KOTAKNIFTY,EQ,Y,Y,65
INE347A01017,Mangalam Cement Ltd,502157,B,MANGLMCEM,EQ,Y,Y,65
INE154U01015,Max Ventures and Industries Limited,539940,B,MAXVIL,EQ,Y,Y,65
INE071D01033,Menon Bearings Ltd,523828,B,MENONBE,EQ,Y,Y,65
INE950M01013,Monte Carlo Fashions Limited,538836,B,MONTECARLO,EQ,Y,Y,65
INE472M01018,MT Educare Limited,534312,B,MTEDUCARE,EQ,Y,Y,65
INE919I01016,Music Broadcast Limited,540366,B,RADIOCITY,EQ,Y,Y,65
INE454M01024,Nagarjuna Fertilizers and Chemicals Ltd,539917,B,NAGAFERT,EQ,Y,Y,65
INE875G01030,Nandan Denim Limited,532641,B,NDL,EQ,Y,Y,65
INE060A01024,Navneet Education Limited,508989,B,NAVNETEDUL,EQ,Y,Y,65
INE189I01024,Nelcast Limited,532864,B,NELCAST,EQ,Y,Y,65
INE794A01010,Neuland Laboratories Ltd,524558,B,NEULANDLAB,EQ,Y,Y,65
INE229H01012,Nitin Spinners Ltd,532698,B,NITINSPIN,EQ,Y,Y,65
INE234A01025,Novartis India Ltd,500672,B,NOVARTIND,EQ,Y,N,65
INE740D01017,NR Agarwal Industries Ltd,516082,B,NRAIL,EQ,Y,Y,65
INE290B01025,OCL India Ltd,502165,B,OCL,EQ,Y,Y,65
INE743M01012,Orient Refractories Ltd. (ORL),534076,B,ORIENTREF,EQ,Y,Y,65
INE321D01016,Oriental Carbon & Chemicals Ltd,506579,B,OCCL,EQ,Y,Y,65
INE750A01020,Oriental Hotels Ltd,500314,B,ORIENTHOT,EQ,Y,Y,65
INE725E01024,Orissa Minerals Development Company Ltd,590086,B,ORISSAMINE,EQ,Y,Y,65
INE305C01029,PANAMA PETROCHEM LTD,524820,B,PANAMAPET,EQ,Y,Y,65
INE529D01014,Patel Integrated Logistics Ltd,526381,B,PATINTLOG,EQ,Y,Y,65
INE785M01013,PC Jeweller Limited,534809,A,PCJEWELLER,EQ,Y,Y,65
INE450D01021,PITTI ENGINEERING LIMITED,513519,B,PITTIENG,EQ,Y,Y,65
INE859A01011,PNB Gilts Ltd,532366,B,PNBGILTS,EQ,Y,Y,65
INE637C01025,Pokarna Ltd,532486,B,POKARNA,EQ,Y,Y,65
INE763A01023,Polaris Consulting & Services Limited,532254,A,POLARIS,EQ,Y,Y,65
INE367G01038,Prime Focus Ltd,532748,B,PFOCUS,EQ,Y,Y,65
INE195N01013,Prozone Intu Properties Limited,534675,B,PROZONINTU,EQ,Y,Y,65
INE244J01017,Rane Brake Lining Limited,532987,B,RBL,EQ,Y,Y,65
INE123M01017,RDB Rasayans Limited,533608,X,-,-,Y,N,65
INE461B01014,Repro India Ltd,532687,B,REPRO,EQ,Y,Y,65
INE611A01016,RSWM Ltd,500350,B,RSWM,EQ,Y,Y,65
INE301D01026,RUBY MILLS LTD,503169,B,RUBYMILLS,EQ,Y,Y,65
INE803H01014,Ruchira Papers Ltd,532785,B,RUCHIRA,EQ,Y,Y,65
INE807K01035,S Chand and Company Limited,540497,B,SCHAND,EQ,Y,Y,65
INE764L01010,Sadbhav Infrastructure Project Limited,539346,B,SADBHIN,EQ,Y,Y,65
INE229C01013,Sagar Cements Ltd,502090,B,SAGCEM,EQ,Y,Y,65
INE170V01019,Salasar Techno Engineering Limited,540642,B,SALASAR,EQ,Y,Y,65
INE457F01013,SALZAR ELECTRONICS LTD,517059,B,SALZERELEC,EQ,Y,Y,65
INE495C01010,Sangam India Ltd,514234,B,SANGAMIND,EQ,Y,Y,65
INE151G01010,SHAILY ENGINEERING PLASTICS LTD.,501423,X,-,-,Y,N,65
INE631A01022,Shanthi Gears Ltd,522034,B,SHANTIGEAR,EQ,Y,Y,65
INE363M01019,Shemaroo Entertainment Limited,538685,B,SHEMAROO,EQ,Y,Y,65
INE757B01015,Shreyas Shipping & Logistics Ltd,520151,B,SHREYAS,EQ,Y,Y,65
INE964H01014,Shriram EPC Ltd,532945,B,SHRIRAMEPC,EQ,Y,Y,65
INE812G01025,SMS Pharmaceuticals Limited,532815,B,SMSPHARMA,EQ,Y,Y,65
INE733A01018,Star Paper Mills Ltd,516022,B,STARPAPER,EQ,Y,Y,65
INE663A01017,SUPREME PETROCHEM LTD,500405,B,SUPPETRO,EQ,Y,Y,65
INE277A01016,Swaraj Engines Ltd,500407,B,SWARAJENG,EQ,Y,Y,65
INE187D01011,Talbros Automotive Components Ltd,505160,B,TALBROAUTO,EQ,Y,Y,65
INE148A01019,Tamilnadu Petroproducts Ltd,500777,B,TNPETRO,EQ,Y,Y,65
INE517B01013,Tata Teleservices Maharashtra Ltd,532371,B,TTML,EQ,Y,N,65
INE419M01019,TD Power Systems Limited,533553,B,TDPOWERSYS,EQ,Y,Y,65
INE435C01024,Texmaco Infrastructure & Holdings Limite,505400,B,TEXINFRA,EQ,Y,Y,65
INE319B01014,The Byke Hospitality    Ltd,531373,B,BYKE,EQ,Y,Y,65
INE484C01022,TIDE WATER OIL INDIA LTD,590005,B,TIDEWATER,EQ,Y,Y,65
INE806C01018,TIL Ltd,505196,B,TIL,EQ,Y,Y,65
INE695A01019,United Bank of India,533171,B,UNITEDBNK,EQ,Y,Y,65
INE279A01012,Universal Cables Ltd,504212,B,UNIVCABLES,EQ,Y,Y,65
INE786F01031,Uttam Sugar Mills Limited,532729,B,UTTAMSUGAR,EQ,Y,Y,65
INE050M01012,Vardhman Special Steels Ltd,534392,B,VSSL,EQ,Y,Y,65
INE632C01026,Vidhi Specialty Food Ingredients Limited,531717,B,VIDHIING,EQ,Y,Y,65
INE579C01029,VIMTA LABS LIMITED,524394,B,VIMTALABS,EQ,Y,Y,65
INE707A01012,VINDHYA TELE,517015,B,VINDHYATEL,EQ,Y,Y,65
INE250B01029,Vinyl Chemicals India Ltd,524129,B,VINYLINDIA,EQ,Y,Y,65
INE450G01024,VIP Clothing Ltd,532613,B,VIPCLOTHNG,EQ,Y,Y,65
INE709A01018,VLS Finance Ltd,511333,B,VLSFINANCE,EQ,Y,Y,65
INE540H01012,Voltamp Transformers Limited,532757,B,VOLTAMP,EQ,Y,Y,65
INE066O01014,Wonderla Holidays Limited,538268,B,WONDERLA,EQ,Y,Y,65
INE144J01027,20 Microns Ltd,533022,B,20MICRONS,EQ,Y,Y,70
INE364U01010,Adani Green Energy Limited,541450,B,ADANIGREEN,EQ,Y,N,70
INE045A01017,Ador Welding Ltd,517041,B,ADORWELD,EQ,Y,Y,70
INE150B01021,ALKYL AMINES CHEMICALS,506767,B,ALKYLAMINE,EQ,Y,Y,70
INE116A01024,APCOTEX LATTICES LIMITED,523694,B,APCOTEXIND,EQ,Y,Y,70
INE439A01020,Asahi India Glass Ltd,515030,B,ASAHIINDIA,EQ,Y,Y,70
INE488D01021,AVT Natural Products Ltd,519105,B,AVTNPL,EQ,Y,Y,70
INE521J01018,Career Point Limited,533260,B,CAREERP,EQ,Y,Y,70
INE704H01022,Cineline India Limited,532807,B,CINELINE,EQ,Y,Y,70
INE583C01021,Deccan Cements Ltd,502137,B,DECCANCE,EQ,Y,Y,70
INE221B01012,Dynamatic Technologies Limited,505242,B,DYNAMATECH,EQ,Y,Y,70
INE256H01015,Dynemic Products Ltd,532707,B,DYNPRO,EQ,Y,Y,70
INE753K01015,Emmbi Industries Limited,533161,B,EMMBI,EQ,Y,Y,70
INE284A01012,ESAB INDIA LTD.,500133,B,ESABINDIA,EQ,Y,Y,70
INE778B01029,Ester Industries Limited,500136,B,ESTER,EQ,Y,N,70
INE959A01019,Fairchem Speciality Limited,530117,B,FAIRCHEM,EQ,Y,Y,70
INE519A01011,FOSECO INDIA,500150,B,FOSECOIND,EQ,Y,Y,70
INE752P01024,Future Retail Limited,540064,A,FRETAIL,EQ,Y,Y,70
INE200A01026,GE T&D India Limited,522275,A,GET&D,EQ,Y,Y,70
INE916G01016,GeeCee Ventures Limited,532764,B,GEECEE,EQ,Y,Y,70
INE424C01010,Ginni Filaments Limited,590025,B,GINNIFILA,EQ,Y,Y,70
INE077F01035,GOCL Corporation Limited,506480,B,GOCLCORP,EQ,Y,Y,70
INE586G01017,GP PETROLEUMS LIMITED,532543,B,GULFPETRO,EQ,Y,Y,70
INE939D01015,Harita Seating Systems Ltd,590043,B,HARITASEAT,EQ,Y,Y,70
INE353A01023,Hinduja Ventures Ltd,500189,B,HINDUJAVEN,EQ,Y,Y,70
INE133Y01011,IFGL Refractories Ltd.,540774,B,IFGLEXPOR,EQ,Y,Y,70
INE547E01014,India Motor Parts & Accessories Ltd,590065,B,IMPAL,EQ,Y,Y,70
INE092B01025,India Nippon Electricals Ltd,532240,B,INDNIPPON,EQ,Y,Y,70
INE323C01030,Indian Hume Pipe Company Ltd,504741,B,INDIANHUME,EQ,Y,Y,70
INE189B01011,INEOS Styrolution India Limited,506222,B,INEOSSTYRO,EQ,Y,Y,70
INE824G01012,JSW Holdings Limited,532642,B,JSWHL,EQ,Y,Y,70
INE900B01029,Kabra Extrusiontechnik Ltd,524109,B,KABRAEXTRU,EQ,Y,Y,70
INE029L01018,Kalyani Investment Company Limited,533302,B,KICL,EQ,Y,Y,70
INE138C01024,Kanoria Chemicals & Industries Ltd,506525,B,KANORICHEM,EQ,Y,Y,70
INE790B01024,KCP Sugar and Industries Corporation Lim,533192,B,KCPSUGIND,EQ,Y,Y,70
INE146L01010,Kirloskar Oil Engines Limited,533293,B,KIRLOSENG,EQ,Y,Y,70
INF373I01023,KOTAK MAHINDRA MUTUAL FUND - KOTAK PSU B,590107,B,KOTAKPSUBK,EQ,Y,Y,70
INE112F01022,Lambodhara Textile Ltd,590075,B,LAMBODHARA,EQ,Y,Y,70
INE397H01017,Lokesh Machines Limited,532740,B,LOKESHMACH,EQ,Y,Y,70
INE933A01014,Lyka Labs Ltd,500259,B,LYKALABS,EQ,Y,Y,70
INE558B01017,Mangalore Chemicals & Fertilizers Ltd,530011,B,MANGCHEFER,EQ,Y,Y,70
INE636A01039,Mawana Sugars Ltd,523371,B,MAWANASUG,EQ,Y,Y,70
INE943D01017,MPS Limited,532440,B,MPSLTD,EQ,Y,Y,70
INE672B01032,Munjal Auto Industries Ltd,520059,B,MUNJALAU,EQ,Y,Y,70
INE692B01014,Murudeshwar Ceramics Ltd,515037,B,MURUDCERA,EQ,Y,Y,70
INE295D01020,NACL Industries Limited,524709,B,NACLIND,EQ,Y,Y,70
INE290A01027,Nahar Spinning Mills Ltd,500296,B,NAHARSPING,EQ,Y,Y,70
INE910A01012,Nirlon Ltd,500307,B,NIRLON,EQ,Y,N,70
INE239D01028,OM Metals Infraprojects Ltd,531092,B,OMMETALS,EQ,Y,Y,70
INE229A01017,Onward Technologies Ltd,517536,B,ONWARDTEC,EQ,Y,Y,70
INE607D01018,Orient Bell Limited,530365,B,ORIENTBELL,EQ,Y,Y,70
INE484I01029,Precision Camshafts Limited,539636,B,PRECAM,EQ,Y,Y,70
INE032B01021,Prime Securities Ltd,500337,B,PRIMESECU,EQ,Y,Y,70
INE165B01029,R. S. Software (India) Limited,517447,B,RSSOFTWARE,EQ,Y,Y,70
INE722H01016,Renaissance Jewellery Ltd,532923,B,RJL,EQ,Y,Y,70
INE212I01016,S.P. Apparels Limited,540048,B,SPAL,EQ,Y,Y,70
INE667G01015,SAKSOFT,590051,B,SAKSOFT,EQ,Y,Y,70
INE453D01025,Sarla Polyester Ltd,526885,B,SARLAPOLY,EQ,Y,Y,70
INE573R01012,SEYA INDUSTRIES LTD,524324,B,-,-,Y,N,70
INE075B01012,Sical Logistics Ltd,520086,B,SICAL,EQ,Y,Y,70
INE965H01011,Siti Networks Limited,532795,B,SITINET,EQ,Y,Y,70
INE334A01023,Sterling Tools Ltd,530759,B,STERTOOLS,EQ,Y,Y,70
INE085J01014,THANGAMAYIL JEWELLERY LTD.,533158,B,THANGAMAYL,EQ,Y,Y,70
INE127B01011,The Hi-Tech Gears Limited,522073,B,HITECHGEAR,EQ,Y,Y,70
INE763I01026,Transformers And Rectifiers (India) Limi,532928,B,TRIL,EQ,Y,Y,70
INE910C01018,TTK Healthcare Ltd,507747,B,TTKHLTCARE,EQ,Y,Y,70
INE899L01022,Ujaas Energy Limited,533644,B,UJAAS,EQ,Y,Y,70
INE411B01019,Venus Remedies Ltd,526953,B,VENUSREM,EQ,Y,Y,70
INE710A01016,VST INDUS,509966,B,VSTIND,EQ,Y,Y,70
INE274C01019,WENDT(INDIA),505412,B,WENDT,EQ,Y,Y,70
INE062D01024,Alicon Castalloy Limited,531147,B,ALICON,EQ,Y,Y,75
INE098F01031,Amrutanjan Health Care Ltd,590006,B,AMRUTANJAN,EQ,Y,Y,75
INE643K01018,Arihant Superstructures Limited,506194,B,ARIHANTSUP,EQ,Y,Y,75
INE210C01013,Aro Granite Industries Ltd,513729,B,AROGRANITE,EQ,Y,Y,75
INE228I01012,Asahi Songwon Colors Ltd,532853,B,ASAHISONG,EQ,Y,Y,75
INE412G01016,BCL INDUSTRIES LIMITED,524332,X,-,-,Y,N,75
INE458B01036,Bhagyanagar India Ltd,512296,B,BHAGYANGR,EQ,Y,Y,75
INE828A01016,Bhartiya International Ltd,526666,B,BIL,EQ,Y,Y,75
INE412U01017,Bigbloc Construction Limited,540061,B,BIGBLOC,EQ,Y,Y,75
INE707C01018,Capital Trust Ltd,511505,B,CAPTRUST,EQ,Y,Y,75
INE320B01020,Centum Electronics Ltd,517544,B,CENTUM,EQ,Y,Y,75
INE498A01018,DCM LTD,502820,B,DCM,EQ,Y,Y,75
INF740KA1EU7,DSP BlackRock Liquid ETF (Daily Dividend,-,-,LIQUIDETF,EQ,N,Y,75
INE249C01011,Fedders Electric and Engineering Limited,500139,B,FEDDERELEC,EQ,Y,Y,75
INE727B01026,Genesys International Corporation Ltd,506109,B,GENESYS,EQ,Y,Y,75
INE127I01024,Goodluck India Limited,530655,B,GOODLUCK,EQ,Y,Y,75
INE255D01024,Gulshan Polyols Ltd,532457,B,GULPOLY,EQ,Y,Y,75
INE688E01024,Hercules Hoists Ltd,505720,B,HERCULES,EQ,Y,Y,75
INE552B01010,HIMALAYA FOOD INTERNATIONAL LIMITED,526899,X,-,-,Y,N,75
INE310C01029,Hindustan Composites Ltd,509635,B,HINDCOMPOS,EQ,Y,Y,75
INE871K01015,Hindustan Media Ventures Limited,533217,B,HMVL,EQ,Y,Y,75
INE156A01020,Indo Rama Synthetics India Ltd,500207,B,INDORAMA,EQ,Y,Y,75
INE681B01017,Indraprastha Medical Corporation Ltd,532150,B,INDRAMEDCO,EQ,Y,Y,75
INE370D01013,Mangalam Organics Limited,514418,X,-,-,Y,N,75
INE885E01034,Mazda Ltd,523792,B,MAZDA,EQ,Y,Y,75
INE231G01010,Orbit Exports Limited,512626,B,ORBTEXP,EQ,Y,Y,75
INE865T01018,Pudumjee Paper Products Limited,539785,B,PDMJEPAPER,EQ,Y,Y,75
INE608A01012,Punjab & Sind Bank,533295,B,PSB,EQ,Y,Y,75
INE625B01014,Rana Sugars Ltd,507490,B,RANASUG,EQ,Y,Y,75
INE583B01015,SANDESH LTD,526725,B,SANDESH,EQ,Y,Y,75
INE035D01012,Savita Oil Technologies Limited,524667,B,SOTL,EQ,Y,Y,75
INF200KA1FS1,SBI-ETF Nifty 50,-,-,SETFNIF50,EQ,N,Y,75
INE630A01016,Seshasayee Paper & Boards Ltd,502450,B,SESHAPAPER,EQ,Y,Y,75
INE178C01020,SMARTLINK HOLDINGS LIMITED,532419,B,SMARTLINK,EQ,Y,Y,75
INE285B01017,Spicejet Ltd,500285,B,-,-,Y,N,75
INE287B01021,Subros Ltd,517168,B,SUBROS,EQ,Y,Y,75
INE519C01017,Summit Securities Limited,533306,B,SUMMITSEC,EQ,Y,Y,75
INE645H01027,Sutlej Textiles and Industries Limited,532782,B,SUTLEJTEX,EQ,Y,Y,75
INE409B01013,Swelect Energy Systems Limited,532051,B,SWELECTES,EQ,Y,Y,75
INE284B01028,TGV SRAAC LIMITED,507753,X,-,-,Y,N,75
INE152M01016,Triveni Turbine Limited,533655,B,TRITURBINE,EQ,Y,Y,75
INE071E01023,UGAR SUGAR WORKS LIMITED,530363,B,UGARSUGAR,EQ,Y,Y,75
INE864B01027,Umang Dairies Ltd,500231,B,UMANGDAIRY,EQ,Y,Y,75
INE701A01023,Vardhman Holdings Ltd,500439,B,VHL,EQ,Y,Y,75
INE015B01018,WIM PLAST LTD,526586,B,WIMPLAST,EQ,Y,N,75
INE116C01012,ZF Steering Gear India Ltd,505163,B,-,-,Y,N,75
INE083K01017,Bengal & Assam Company Limited,533095,B,-,-,Y,N,85
INE524B01027,GANDHI SPECIAL TUBES LTD,513108,B,GANDHITUBE,EQ,Y,Y,85
INE025B01017,Goldiam International Ltd,526729,B,GOLDIAM,EQ,Y,Y,85
INE544R01013,Greenlam Industries Limited,538979,B,GREENLAM,EQ,Y,Y,85
INE826C01016,Gujarat Apollo Industries Ltd,522217,B,GUJAPOLLO,EQ,Y,Y,85
INE979B01015,Hawkins Cookers Ltd,508486,B,HAWKINCOOK,EQ,Y,N,85
INE567A01010,Indo-National Limited,504058,B,NIPPOBATRY,EQ,Y,Y,85
INE867D01018,INDSIL ELECTRONICS LIMITED,522165,X,-,-,Y,N,85
INE643A01035,JTEKT INDIA LIMITED,520057,B,JTEKTINDIA,EQ,Y,Y,85
INE430G01026,JVL Agro Industries Ltd,519248,B,JVLAGRO,EQ,Y,Y,85
INE670X01014,Lasa Supergenerics Limited,540702,B,LASA,EQ,Y,N,85
INE724A01017,LKP MERCHANT,507912,X,-,-,Y,N,85
INE215I01019,Man Aluminium LTD,532906,B,MAANALU,EQ,Y,Y,85
INE759V01019,Mandhana Retail Ventures Limited,540210,B,TMRVL,EQ,Y,Y,85
INE584F01014,Mangalam Drugs & Organics Ltd,532637,B,MANGALAM,EQ,Y,Y,85
INF247L01536,Motilal Oswal Mutual Fund - M50,590115,B,M50,EQ,N,Y,85
INE999K01014,Orient Green Power Company Limited,533263,B,GREENPOWER,EQ,Y,Y,85
INE111Q01013,PDS Multinational Fashions Limited,538730,B,PDSMFL,EQ,Y,Y,85
INE455O01019,Pennar Engineered Building Systems Limit,539333,B,PENPEBS,EQ,Y,Y,85
INE371C01013,PODDAR PIGMENTS LIMITED,524570,B,PODDARMENT,EQ,Y,Y,85
INE863B01011,Premier Explosives Ltd,526247,B,PREMEXPLN,EQ,Y,Y,85
INE980A01023,Pressman Advertising Limited,509077,B,PRESSMN,EQ,Y,Y,85
INE140B01014,RCI Industries & Technologies Limited,537254,B,-,-,Y,N,85
INF732E01110,Reliance ETF PSU Bank BeES,590108,B,PSUBNKBEES,EQ,N,Y,85
INE577L01016,STEL Holdings Ltd,533316,B,STEL,EQ,Y,Y,85
INE111B01023,63 Moons Technologies Limited,526881,B,63MOONS,EQ,Y,Y,90
INE650K01021,8K Miles Software Services Ltd,512161,B,8KMILES,EQ,Y,Y,90
INE951D01028,ATUL AUTO  LTD.,531795,B,ATULAUTO,EQ,Y,Y,90
INE132H01018,Aurionpro Solutions Ltd,532668,B,AURIONPRO,EQ,Y,Y,90
INE459A01010,Bannari Amman Sugars Ltd,500041,B,BANARISUG,EQ,Y,Y,90
INE791I01019,Brigade Enterprises Ltd,532929,B,BRIGADE,EQ,Y,Y,90
INE739E01017,Cera Sanitaryware Ltd,532443,B,CERA,EQ,Y,Y,90
INE365B01017,Datamatics Technologies Ltd,532528,B,DATAMATICS,EQ,Y,Y,90
INE966A01022,Dolat Investments Ltd,505526,X,-,-,Y,N,90
INE925Q01024,ECS Biztech Limited,540063,X,-,-,Y,N,90
INE086A01029,Electrosteel Castings Ltd,500128,B,ELECTCAST,EQ,Y,Y,90
INE792H01019,Global Vectra Helicorp Limited,532773,B,GLOBALVECT,EQ,Y,Y,90
INE120D01012,HITECH CORPORATION LTD,526217,B,HITECHCORP,EQ,Y,Y,90
INF109KB1XT3,ICICI Prudential Midcap Select iWIN ETF,539980,B,MIDCAPIWIN,EQ,Y,Y,90
INF109KA1962,ICICI Prudential Nifty 100 iWIN ETF,537008,B,NIF100IWIN,EQ,Y,Y,90
INF109KB1WY5,ICICI Prudential NV20 iWIN ETF,539945,B,NV20IWIN,EQ,N,Y,90
INE332H01014,Indo Tech Transformers Limited,532717,B,INDOTECH,EQ,Y,Y,90
INE391J01016,JTL Infra Limited,534600,X,-,-,Y,N,90
INE797F01012,Jubilant FoodWorks Ltd,533155,A,JUBLFOOD,EQ,Y,Y,90
INE878B01027,KEI Industries Ltd,517569,B,KEI,EQ,Y,Y,90
INE823A01017,KOTHARI PRODUCTS LIMITED,530299,B,KOTHARIPRO,EQ,Y,Y,90
INE802B01019,LINC PEN & PLASTICS,531241,B,LINCPEN,EQ,Y,Y,90
INE872H01027,Lumax Auto Technologies Ltd,532796,B,LUMAXTECH,EQ,Y,Y,90
INE162B01018,Lumax Industries Ltd,517206,B,LUMAXIND,EQ,Y,Y,90
INE683C01011,Maithan Alloys Ltd,590078,B,MAITHANALL,EQ,Y,Y,90
INE182D01020,Marathon Nextgen Realty Ltd,503101,B,MARATHON,EQ,Y,Y,90
INF247L01023,Motilal Oswal Mutual Fund - M100,536960,B,M100,EQ,Y,Y,90
INE289A01011,Nahar Industrial Enterprises Ltd,519136,B,NAHARINDUS,EQ,Y,Y,90
INE023H01027,Nectar Lifesciences Limited,532649,B,NECLIFE,EQ,Y,Y,90
INE809I01019,OnMobile Global Ltd,532944,B,ONMOBILE,EQ,Y,Y,90
INE457L01011,PG Electroplast Limited,533581,B,PGEL,EQ,Y,Y,90
INE083C01022,PLASTIBLENDS INDIA LIMITED,523648,B,PLASTIBLEN,EQ,Y,Y,90
INE339F01021,POLSON LTD.,507645,X,-,-,Y,N,90
INE372C01029,Precision Wires India Ltd,523539,B,PRECWIRE,EQ,Y,Y,90
INE324L01013,R.P.P. INFRA PROJECTS LIMITED,533284,B,RPPINFRA,EQ,Y,Y,90
INE131B01039,Relaxo Footwears Ltd,530517,B,RELAXO,EQ,Y,Y,90
INF204KA1LD7,Reliance ETF Consumption,-,-,RELCONS,EQ,N,Y,90
INF204KA1MS3,Reliance ETF Dividend Opportunities,-,-,RELDIVOPP,EQ,N,Y,90
INF732E01268,Reliance ETF Infra BeES,-,-,INFRABEES,EQ,N,Y,90
INE619A01027,Ruchi Soya Industries Ltd,500368,B,RUCHISOYA,EQ,Y,Y,90
INF200KA1572,SBI Mutual Fund - SBI - ETF BSE 100,539031,B,-,-,Y,N,90
INF200K01VT2,SBI Mutual Fund - SBI Sensex ETF,535276,B,-,-,Y,N,90
INF200KA1598,SBI-ETF Nifty Next 50,-,-,SETFNN50,EQ,N,Y,90
INE878E01021,Setco Automotive Ltd,505075,B,SETCO,EQ,Y,Y,90
INE849C01026,Shalimar Paints Ltd,509874,B,SHALPAINTS,EQ,Y,Y,90
INE597I01010,Sharda Motor Industries Ltd,535602,B,SHARDAMOTR,EQ,Y,Y,90
INE073D01013,SUNDARAM BRK,590072,B,SUNDRMBRAK,EQ,Y,Y,90
INE712B01010,Superhouse Leathers Ltd,523283,B,SUPERHOUSE,EQ,Y,Y,90
INE665A01038,SWAN ENERGY LTD,503310,A,SWANENERGY,EQ,Y,Y,90
INE545H01011,Technocraft Industries (India) Limited,532804,B,TIIL,EQ,Y,Y,90
INE586E01012,The Indian Wood Products Company Limited,540954,X,-,-,Y,N,90
INE592B01016,TT Ltd,514142,B,TTL,EQ,Y,Y,90
INE139B01016,Ucal Fuel Systems Ltd,500464,B,UCALFUEL,EQ,Y,Y,90
INE550C01020,Urja Global Ltd,526987,B,URJA,EQ,Y,N,90
INF789FB1X41,UTI- NIFTY ETF,539313,B,UTINIFTETF,EQ,N,Y,90
INE694D01016,Vadilal Industries Ltd,519156,B,VADILALIND,EQ,Y,Y,90
INE116G01013,Vardhman Acrylics Limited,-,-,VARDHACRLC,EQ,N,Y,90
INE918N01018,Veto Switchgears and Cables Limited,539331,B,VETO,EQ,Y,Y,90
INE625G01013,Welspun Enterprises Limited,532553,B,WELENT,EQ,Y,Y,90
INE692G01013,Xchanging Solutions Ltd,532616,B,XCHANGING,EQ,Y,Y,90
INE714B01016,Andhra Petrochemicals Ltd,500012,X,-,-,Y,N,98
INE877I01016,Archidply Industries Limited,532994,B,ARCHIDPLY,EQ,Y,Y,98
INE348A01023,Ashapura Minechem Ltd,527001,B,ASHAPURMIN,EQ,Y,Y,98
INE006I01046,Astral Poly Technik Ltd,532830,A,ASTRAL,EQ,Y,Y,98
INE083D01012,Bal Pharma Ltd,524824,B,BALPHARMA,EQ,Y,Y,98
INE561C01019,Bharat Gears Ltd,505688,B,BHARATGEAR,EQ,Y,Y,98
INE824B01021,Bhushan Steel & Strips Ltd,500055,B,BHUSANSTL,EQ,Y,N,98
INE650L01011,Brooks Laboratories Limited,533543,B,BROOKS,EQ,Y,Y,98
INE954B01018,FLEX FOODS LTD,523672,X,-,-,Y,N,98
INE428D01019,Hindustan Tin Works Ltd,530315,X,-,-,Y,N,98
INE826B01018,Indian Toners & Developers Ltd,523586,X,-,-,Y,N,98
INE131H01028,IndiaNivesh Limited,501700,X,-,-,Y,N,98
INE848A01014,IZMO LIMITED,532341,B,IZMO,EQ,Y,Y,98
INE694E01014,Kanpur Plastipack Ltd,507779,X,-,-,Y,N,98
INE811A01012,Kirloskar Pneumatic Company Ltd,505283,B,KGKHOSLA,EQ,Y,N,98
INE836H01014,McDowell Holdings Limited,532852,B,MCDHOLDING,EQ,Y,Y,98
INE374B01019,MUKTA ARTS LTD,532357,B,MUKTAARTS,EQ,Y,Y,98
INE445D01013,NILE LIMITED,530129,X,-,-,Y,N,98
INE818B01023,PAS.ACRYLON,500456,X,-,-,Y,N,98
INE111F01016,Paushak Ltd,532742,X,-,-,Y,N,98
INE063E01046,Pondy Oxides & Chemicals Limited,532626,X,PONDYOXIDE,EQ,Y,N,98
INE222J01013,Rane Engine Valve Limited,532988,B,RANEENGINE,EQ,Y,Y,98
INE555C01029,Shiva Cement Ltd,532323,X,-,-,Y,N,98
INE386D01027,Shivalik Bimetal Controls Ltd,513097,X,-,-,Y,N,98
INE231C01019,SHREYANS IND.,516016,B,SHREYANIND,EQ,Y,Y,98
INE099F01013,Sreeleathers Limited,535601,B,SREEL,EQ,Y,Y,98
INE440G01017,Triton Valves Ltd,505978,X,-,-,Y,N,98
INE454F01010,7Seas Entertainment Limited,540874,XT,-,-,Y,N,100
INE198H01019,AAREY DRUGS & PHA,524412,X,-,-,Y,N,100
INE482D01016,Acrysil Ltd,524091,X,-,-,Y,N,100
INE731H01025,Action Construction Equipment Ltd,532762,B,ACE,EQ,Y,Y,100
INE865C01022,Aditya Birla Money Limited,532974,T,BIRLAMONEY,BE,Y,N,100
INE449G01018,Agri- Tech (India) Limited,537292,T,AGRITECH,EQ,Y,Y,100
INE270A01011,Alok Industries Ltd,521070,T,ALOKTEXT,BE,Y,N,100
INE527R01018,Alora Trading Company Limited,539693,X,-,-,Y,N,100
INE130C01021,Amtek Auto Ltd,520077,Z,AMTEKAUTO,BZ,Y,N,100
INE666E01012,Andhra Cements Ltd,532141,T,ANDHRACEMT,EQ,Y,Y,100
INE489G01022,Anuh Pharma Ltd,506260,X,-,-,Y,N,100
INE346W01013,Apex Frozen Foods Limited,540692,B,APEX,EQ,Y,Y,100
INE099M01027,Aplaya Creations Limited,511064,XT,-,-,Y,N,100
INE126J01016,Apollo Pipes Limited,531761,X,-,-,Y,N,100
INE731A01020,Archies Ltd,532212,T,ARCHIES,BE,Y,N,100
INE574I01035,Arcotech Ltd,532914,B,ARCOTECH,EQ,Y,Y,100
INE570D01018,Arrow Greentech Limited,516064,B,ARROWGREEN,EQ,Y,N,100
INE968D01022,Arshiya International Ltd,506074,B,ARSHIYA,EQ,Y,Y,100
INE361S01010,Ashari Agencies Limited,540024,X,-,-,Y,N,100
INE440A01010,ASHIMA LTD,514286,B,ASHIMASYN,EQ,Y,Y,100
INE276G01015,Asian Oilfield Services Ltd,530355,X,-,-,Y,N,100
INE073G01016,Associated Alcohols & Breweries Ltd,507526,X,-,-,Y,N,100
INE446A01025,Atlas Cycles (Haryana) Limited,505029,T,ATLASCYCLE,BE,Y,N,100
INE451C01013,AUTOMOBILE CORPORATION OF GOA LIMITED,505036,X,-,-,Y,N,100
INE758A01056,Avance Technologies Ltd,512149,X,-,-,Y,N,100
INE005B01019,AVANTEL SOFTECH,532406,X,-,-,Y,N,100
INE905P01028,B.C. Power Controls Limited,537766,B,-,-,Y,N,100
INE135A01024,BALASORE ALLOYS LIMITED,513142,X,-,-,Y,N,100
INE525F01017,Balmer Lawrie Investments Ltd,532485,B,-,-,Y,N,100
INE919P01029,Best Steel Logistics Limited,538566,X,-,-,Y,N,100
INE922A01025,Bhansali Engineering Polymers Ltd,500052,B,BEPL,EQ,Y,Y,100
INE365Y01019,Bharat Parenterals Limited,541096,XT,-,-,Y,N,100
INE415D01024,Bharat Seats Ltd,523229,X,-,-,Y,N,100
INE795P01023,Birdhi Chand Pannalal Agencies Ltd,538364,XT,-,-,Y,N,100
INE032A01023,Bombay Dyeing & Manu. Company Ltd,500020,A,BOMDYEING,EQ,Y,Y,100
INE589G01011,Bombay Rayon Fashions Ltd,532678,T,BRFL,BE,Y,N,100
INE295F01017,Butterfly Gandhimathi Appliances Limited,517421,B,BUTTERFLY,EQ,Y,N,100
INE068L01016,Cantabil Retail India Limited,533267,T,CANTABIL,BE,Y,N,100
INE475E01026,CAPLIN POINT LABORATORIES LTD,524742,B,CAPLIPOINT,EQ,Y,Y,100
INE778E01031,CCL International Ltd,531900,X,-,-,Y,N,100
INE345B01019,Cerebra Integrated Technologies Limited,532413,T,CEREBRAINT,BE,Y,N,100
INE419D01026,Chaman Lal Setia Exports Ltd,530307,X,-,-,Y,N,100
INE974C01022,Channel Guide India Ltd,531337,XT,-,-,Y,N,100
INE974B01016,Cheviot Company Ltd,526817,X,-,-,Y,N,100
INE552D01024,Confidence Petroleum India Ltd,526829,XT,-,-,Y,N,100
INE559D01011,CREST VENTURES LIMITED,511413,B,CREST,EQ,Y,Y,100
INE575D01033,DANUBE INDUSTRIES LIMITED,540361,XT,-,-,Y,N,100
INE843D01019,DCM Shriram Industries Ltd,523369,X,-,-,Y,N,100
INE945F01025,Deccan Gold Mines Ltd,512068,XT,-,-,Y,N,100
INE456C01012,DFM Foods Ltd,519588,B,DFMFOODS,EQ,Y,Y,100
INE505A01010,DHARAMSI MORARJI CHEM,506405,X,DHARAMORAR,EQ,Y,N,100
INE225B01013,Dil Ltd,506414,X,-,-,Y,N,100
INE917M01012,Dilip Buildcon Limite,540047,A,DBL,EQ,Y,Y,100
INE250K01012,DLINK IND,533146,T,DLINKINDIA,BE,Y,N,100
INE482Z01019,East India Securities Limited,541053,M,-,-,Y,N,100
INE649L01013,EJECTA MARKETING LIMITED,538653,XT,-,-,Y,N,100
INE778K01012,Emami Infrastructure Limited,533218,B,EMAMIINFRA,EQ,Y,Y,100
INE830C01026,Emami Paper Mills Limited,533208,B,-,-,Y,N,100
INE130L01014,Enkei Wheels (India) Limited,533477,X,-,-,Y,N,100
INE215D01010,EPC Industrie Ltd,523754,X,-,-,Y,N,100
INE404L01039,ESAAR (INDIA) LTD,531502,X,-,-,Y,N,100
INE369A01029,EXCEL INDUSTRIES (DM),500650,B,EXCELINDUS,EQ,Y,Y,100
INE188A01015,Fertilizers and Chemicals Travancore Lim,590024,B,FACT,EQ,Y,Y,100
INE045J01026,Fineotex Chemical Limited,533333,B,FCL,EQ,Y,N,100
INE518A01013,Forbes Gokak Ltd,502865,B,FORBESGOK,EQ,Y,N,100
INE795D01011,Freshtrop Fruits Ltd,530077,X,-,-,Y,N,100
INE105R01013,Funny Software Limited,539169,T,-,-,Y,N,100
INE480S01026,Gala Global Products Limited,539228,B,-,-,Y,N,100
INE388A01029,GANESH BENZOPLAST,500153,X,-,-,Y,N,100
INE854S01014,Generic Engineering Construction and Pro,539407,X,-,-,Y,N,100
INE346H01014,Gitanjali Gems Limited,532715,T,GITANJALI,BE,Y,N,100
INE377M01035,Global Infratech & Finance Limited,531463,X,-,-,Y,N,100
INE541A01023,GMM Pfaudler Ltd,505255,B,GMMPFAUDLR,EQ,Y,Y,100
INE426D01013,Goa Carbon Ltd,509567,B,GOACARBON,EQ,Y,Y,100
INE177H01013,Godawari Power & Ispat Limited,532734,B,GPIL,EQ,Y,N,100
INE204P01026,Gold Line International Finvest Limited,538180,XT,-,-,Y,N,100
INE260D01016,Goldstone Infratech Limited,532439,B,GOLDINFRA,EQ,Y,Y,100
INE136C01036,GOPALA POLYPLAST LTD,526717,X,-,-,Y,N,100
INE371A01025,Graphite India Ltd,509488,B,GRAPHITE,EQ,Y,Y,100
INE266D01021,Grauer & Weil India Ltd,505710,B,-,-,Y,N,100
INE871H01011,GSS America Infotech Ltd,532951,B,GSS,EQ,Y,Y,100
INE221H01019,GTL Infrastructure Limited,532775,T,GTLINFRA,BE,Y,N,100
INE059C01022,Gujarat Borosil Ltd,523768,X,-,-,Y,N,100
INE251H01024,GVK Power & Infrastructure Ltd,532708,B,GVKPIL,EQ,Y,N,100
INE506D01020,Haldyn Glass   Limited,515147,X,-,-,Y,N,100
INE545A01016,HEG Ltd,509631,B,HEG,EQ,Y,Y,100
INE106T01017,Hi -Tech Pipes Limited,-,-,HITECH,EQ,N,Y,100
INE557A01011,HIL Ltd,509675,B,HIL,EQ,Y,Y,100
INE019C01026,Himadri Speciality Chemical Ltd.,500184,B,HSCL,EQ,Y,Y,100
INE048A01011,Hindustan Organic Chemicals Ltd,500449,B,HOCL,EQ,Y,N,100
INF109K012R6,ICICI Prudential Mutual Fund - Nifty ETF,537007,B,NIFTYIWIN,EQ,Y,Y,100
INE560A01015,India Glycols Ltd,500201,B,INDIAGLYCO,EQ,Y,Y,100
INE353K01014,INDIA TOURISM DEV.CORP.,532189,B,ITDC,EQ,Y,Y,100
INE126M01010,INDIABULLS INTEGRATED SERVICES LIMITED,533520,T,IBULISL,BE,Y,N,100
INE274G01010,Indiabulls Ventures Limited,532960,T,IBVENTURES,BE,Y,N,100
INE862B01013,Indian Acrylics Ltd,514165,X,-,-,Y,N,100
INE300B01022,Indian Infotech & Software Ltd,509051,XT,-,-,Y,N,100
INE804D01029,INFO-DRIVE SOFTWARE LTD,530703,XT,INFODRIVE,EQ,Y,N,100
INE870Z01015,Innovators Façade Systems Limited,541353,M,-,-,Y,N,100
INE485C01011,IOL Chemicals and Pharmaceuticals Limite,524164,T,IOLCP,BE,Y,N,100
INE570A01014,Ion Exchange India Ltd,500214,XT,IONEXCHANG,EQ,Y,N,100
INE248A01017,ITI Ltd,523610,B,ITI,EQ,Y,Y,100
INE576I01022,J Kumar Infraprojects Ltd,532940,B,JKIL,EQ,Y,Y,100
IN9175A01010,Jain Irrigation Systems Limited,570004,B,JISLDVREQS,EQ,Y,Y,100
INE099J01015,Jaypee Infratech Limited,533207,T,JPINFRATEC,BE,Y,N,100
INE187A01017,JBF Industries Ltd,514034,T,JBFIND,BE,Y,N,100
INE247D01021,JINDAL WORLDWIDE LTD.,531543,B,JINDWORLD,EQ,Y,Y,100
INE690O01011,JK Agri Genetics Limited,536493,X,-,-,Y,N,100
INE157H01023,K M Sugar Mills Ltd,532673,B,KMSUGAR,EQ,Y,Y,100
INE059Q01014,Kalpa commercial Limited,539014,XT,-,-,Y,N,100
INE907A01026,Kalyani Steels Ltd,500235,B,KSL,EQ,Y,Y,100
INE133C01033,Kesar Petroproducts Limite,524174,X,-,-,Y,N,100
INE434C01019,KIC Metaliks Limited,513693,X,-,-,Y,N,100
INE473D01015,Kingfa Science & Technology (India) Limi,524019,B,KINGFA,EQ,Y,Y,100
INE134B01017,Kirloskar Electric Company Limited,533193,B,KECL,EQ,Y,Y,100
INE017C01012,KISHAN MOULDINGS LTD,530145,XT,-,-,Y,N,100
INE177F01017,Kovai Medical Center & Hospital Ltd,523323,T,KOVAI,BE,Y,N,100
INE798K01010,Kriti Nutrients limited,533210,X,-,-,Y,N,100
INE953E01014,KSE LTD(KERALA SOLVENT EXTRACT,519421,XT,KSE,BE,Y,N,100
INE143H01015,KSK Energy Ventures Ltd,532997,B,KSK,EQ,Y,N,100
INE647N01021,KUSHAL LIMITED,536170,T,-,-,Y,N,100
INE775B01025,Kwality  Ltd,531882,A,KWALITY,EQ,Y,Y,100
INE059D01020,La Opala RG Ltd,526947,B,LAOPALA,EQ,Y,Y,100
INE284C01018,Lakshmi Electrical Control Systems Ltd,504258,X,-,-,Y,N,100
INE785C01048,Lanco Infratech Ltd.,532778,T,LITL,BE,Y,N,100
INE414A01015,Madras Fertilizers limited,590134,B,MADRASFERT,EQ,Y,Y,100
INE993A01026,Man Industries India Ltd,513269,B,MANINDS,EQ,Y,Y,100
INE122R01018,Manpasand Beverages Limited,539207,B,MANPASAND,EQ,Y,Y,100
INE040D01038,Mayur Uniquoters Ltd,522249,B,MAYURUNIQ,EQ,Y,Y,100
INE646B01010,MEDICAMEN BIOTECH LTD,531146,X,-,-,Y,N,100
INE831A01028,Mirc Electronics Ltd,500279,B,MIRCELECTR,EQ,Y,Y,100
INE737D01021,Modison Metals Ltd,506261,X,-,-,Y,N,100
INE743C01013,Monnet Ispat Ltd,513446,T,MONNETISPA,BE,Y,N,100
INE811D01024,MONOTYPE INDIA LTD.,505343,X,-,-,Y,N,100
INE935B01025,Moschip Semiconductor Technology Ltd,532407,X,-,-,Y,N,100
INE678F01014,Multibase India Limited,526169,X,-,-,Y,N,100
INE585A01020,National Peroxide Ltd,500298,B,-,-,Y,N,100
INE045B01015,Nelco Ltd,504112,T,NELCO,BE,Y,N,100
INE480D01010,Niyogin Fintech Limited,538772,B,-,-,Y,N,100
INE349A01021,NRB Bearings Ltd,530367,B,NRBBEARING,EQ,Y,Y,100
INE090B01011,Omax Autos Ltd,520021,T,OMAXAUTO,BE,Y,N,100
INE350C01017,Optiemus Infracom Limited,530135,B,OPTIEMUS,EQ,Y,N,100
INE838Z01012,Palm Jewels Limited,541444,M,-,-,Y,N,100
INE922B01023,Panacea Biotec Ltd,531349,B,PANACEABIO,EQ,Y,Y,100
INE655P01029,Panafic Industrials Limited,538860,XT,PANAFIC,-,Y,N,100
INE795A01017,Panasonic Battery India Company Ltd,504093,X,LAKHNNATNL,EQ,Y,N,100
INE013E01017,Panasonic Carbon India Company Ltd,508941,X,PANCARBON,EQ,Y,N,100
INE945O01019,PANTH INFINITY LIMITED,539143,X,-,-,Y,N,100
INE417C01014,Pilani Investment and Industries Corpora,539883,T,PILANIINVS,BE,Y,N,100
INE115R01012,Pincon Lifestyle Limited,539007,Z,-,-,Y,N,100
INE675G01018,Pincon Spirit Limited,538771,Z,PINCON,BZ,Y,N,100
INE751B01018,Pix Transmissions Ltd,500333,X,-,-,Y,N,100
INE603A01013,Prakash Industries Ltd,506022,B,PRAKASH,EQ,Y,Y,100
INE583R01011,Pritika Auto Industries Limited,539359,XT,-,-,Y,N,100
INE277B01014,Punjab Chemicals & Crop Protection Ltd,506618,B,PUNJABCHEM,EQ,Y,Y,100
INE172H01014,Radha Madhav Corporation Ltd,532692,B,RMCL,EQ,Y,Y,100
INE944F01028,Radico Khaitan Ltd,532497,A,RADICO,EQ,Y,Y,100
INE855B01025,Rain Industries Limite,500339,A,RAIN,EQ,Y,Y,100
INE535F01024,RAJOO ENGINEERS LIMITED,522257,X,-,-,Y,N,100
INE451D01011,Rajratan Global Wire Ltd,517522,X,-,-,Y,N,100
INE207E01023,Ram Ratna Wires Ltd,522281,X,-,-,Y,N,100
INE542F01012,Reliance Naval and Engineering Limited,533107,A,RNAVAL,EQ,Y,Y,100
INE731F01037,RMG Alloy Steel Limited,500365,XT,-,-,Y,N,100
INE535D01029,Roto Pumps Ltd,517500,X,-,-,Y,N,100
INE642C01025,Rubfila International Ltd,500367,X,-,-,Y,N,100
INE888C01016,SADHANA NITRO,506642,X,-,-,Y,N,100
INE429E01023,SAFARI IND.,523025,X,-,-,Y,N,100
INE280H01015,Sahyadri Industries Ltd,532841,X,-,-,Y,N,100
INE068B01017,Saint Gobain Sekurit India Ltd,515043,X,-,-,Y,N,100
INE706B01012,Samkrg Pistons & Rings Ltd,520075,X,-,-,Y,N,100
INE149K01016,Sandur Manganese & Iron Ores Ltd,504918,X,-,-,Y,N,100
INE877A01013,Sankhya Infotech Limited,532972,X,-,-,Y,N,100
INE890C01046,Sanwaria Consumer Ltd,519260,B,SANWARIA,EQ,Y,N,100
INE626A01014,SAURASHTRA CEMENT LTD,502175,X,SAURASHCEM,EQ,Y,N,100
INE327G01024,Sayaji Industries Limited,540728,XT,-,-,Y,N,100
INE807F01027,Sequent Scientific Limited,512529,B,SEQUENT,EQ,Y,Y,100
INE320C01010,SFL International Limited,530867,XT,-,-,Y,N,100
INE232A01011,Shree Digvijay Cement Company Ltd,502180,X,-,-,Y,N,100
INE009Q01019,Shri Krishna Prasadam Limited,537954,T,-,-,Y,N,100
INE985A01014,SINCLAIRS HOTELS & TRANSPORTAT,523023,X,-,-,Y,N,100
INE638A01035,Singer India Ltd,505729,X,-,-,Y,N,100
INE034H01016,Soril Infra Resorces Ltd,532679,T,SORILINFRA,BE,Y,N,100
INF346A01034,SPICE-SENSEX PRUDENTIAL ICICI,555555,B,SENSEXIWIN,EQ,Y,Y,100
INE201K01015,SQS India BFSI Limited (THINKSOFT),533121,B,SQSBFSI,EQ,Y,Y,100
INE755D01015,Stovec Industries Ltd,504959,X,-,-,Y,N,100
INE239C01012,Stylam Industries Limited,526951,X,-,-,Y,N,100
INE305H01028,Sunil Hitech Engineers Limited,532711,B,SUNILHITEC,EQ,Y,N,100
INE338O01025,Sunstar Realty Development Limited,535141,B,-,-,Y,N,100
INE366G01022,SUPER CROP SAFE LTD.,530883,X,-,-,Y,N,100
INE308E01011,SVP Global Ventures Ltd,505590,X,-,-,Y,N,100
INE716M01026,Swadeshi Industries & Leasing Ltd,506863,XT,-,-,Y,N,100
INE502K01016,Talwalkars Better Value Fitness Ltd,533200,B,TALWALKARS,EQ,Y,N,100
INE483C01032,Tanla Solutions Limited,532790,T,TANLA,BE,Y,N,100
INE422C01014,The Tinplate Company of India Limited,504966,B,TINPLATE,EQ,Y,Y,100
INE906O01011,Tiger Logistics (India) Limited,536264,X,-,-,Y,N,100
INE687A01016,Transpek Industry Ltd,506687,X,TRANSPEK,EQ,Y,N,100
INE236G01019,TVS Electronics Ltd,532513,T,TVSELECT,BE,Y,N,100
INE822C01015,Twenty First Century Printers Ltd,523301,B,TCPLPACK,EQ,Y,Y,100
INE253B01015,Twentyfirst Century Management Services,526921,B,21STCENMGM,EQ,Y,N,100
INE225C01029,Udaipur Cement Works Limited,530131,X,-,-,Y,N,100
INE405A01021,Ultramarine & Pigments Limited,506685,X,-,-,Y,N,100
INE210P01015,Unishire Urban Infra Limited,537582,M,-,-,Y,N,100
INE694A01020,Unitech Ltd,507878,T,UNITECH,EQ,Y,Y,100
INE051B01021,VAKRANGEE LIMITED,511431,A,VAKRANGEE,EQ,Y,N,100
INE398A01010,Venkys (India) Limited,523261,B,VENKEYS,EQ,Y,Y,100
INE324N01027,Viaan Industries Limited,537524,X,-,-,Y,N,100
INE703A01011,Videocon Industries Limited,511389,T,VIDEOIND,BE,Y,N,100
INE806A01020,Vikas Ecotech Limited,530961,B,VIKASECO,EQ,Y,Y,100
INE706A01022,Vikas WSP Ltd,519307,X,-,-,Y,N,100
INE539B01017,Virinchi Technologies Ltd,532372,X,-,-,Y,N,100
INE270I01014,Vishnu Chemicals Limited,516072,B,VISHNU,EQ,Y,Y,100
INE799N01012,Waa Solar Limited,541445,M,-,-,Y,N,100
INE054C01015,WATERBASE LTD,523660,X,-,-,Y,N,100
INE855C01015,Webel-Sl Energy Systems Ltd,517498,B,WEBELSOLAR,EQ,Y,Y,100
INE274F01020,Westlife Development Ltd,505533,B,-,-,Y,N,100
INE052A01021,Windsor Machines Limited,522029,B,WINDMACHIN,EQ,Y,Y,100
INE765D01014,WPIL Ltd,505872,X,-,-,Y,N,100
INE551D01018,YASH PAPERS LIMITED,516030,X,-,-,Y,N,100
INE384C01016,Yuken India Ltd,522108,X,-,-,Y,N,100
INE251B01027,Zen Technologies Ltd,533339,B,ZENTEC,EQ,Y,Y,100
INE518E01015,Zim Laboratories Limited,541400,X,-,-,Y,N,100
,,,,,,,,
